{"image": "006cc01a-1888-4326-9b62-a65cb55a6377___RS_LB 5207.JPG", "bboxes": [0.2692257332402235, 0.4039804469273742, 0.7755106494413407, 0.6876745810055866], "class": 2}