{"image": "006cc01a-1888-4326-9b62-a65cb55a6377___RS_LB 5207.JPG", "bboxes": [0.2692257332402235, 0.3123254189944134, 0.7755106494413407, 0.5960195530726258], "class": 2}