{"image": "00b1f292-23dd-44d4-aad3-c1ffb6a6ad5a___RS_LB 4479.JPG", "bboxes": [0.1121028282122905, 0.16611382681564246, 0.7471412360335196, 0.48254189944134074], "class": 2}