{"image": "00b1f292-23dd-44d4-aad3-c1ffb6a6ad5a___RS_LB 4479.JPG", "bboxes": [0.1121028282122905, 0.5174581005586593, 0.7471412360335196, 0.8338861731843575], "class": 2}