{"image": "00b1f292-23dd-44d4-aad3-c1ffb6a6ad5a___RS_LB 4479.JPG", "bboxes": [0.25285876396648044, 0.16611382681564246, 0.8878971717877095, 0.48254189944134074], "class": 2}