{"image": "01a8cc9f-074a-4866-87c8-bb5a9e3895b4___RS_LB 2968.JPG", "bboxes": [0.5387351606145251, 0.25122206703910616, 0.9424537360335196, 0.8055167597765364], "class": 2}