{"image": "01a8cc9f-074a-4866-87c8-bb5a9e3895b4___RS_LB 2968.JPG", "bboxes": [0.05754626396648044, 0.19448324022346364, 0.4612648393854749, 0.7487779329608939], "class": 2}