{"image": "01ad74ce-eb28-42c7-9204-778d17cfd45c___RS_LB 2669.JPG", "bboxes": [0.06736644553072624, 0.0995548184357542, 0.4994544343575419, 0.7040415502793297], "class": 2}