{"image": "01ad74ce-eb28-42c7-9204-778d17cfd45c___RS_LB 2669.JPG", "bboxes": [0.06736644553072624, 0.2959584497206703, 0.4994544343575419, 0.9004451815642458], "class": 2}