{"image": "02c8ff21-4e0a-4326-ba8f-089e5cb45b74___RS_LB 4089.JPG", "bboxes": [0.11537622206703912, 0.25340432960893855, 0.5780158868715084, 0.7051326815642458], "class": 2}