{"image": "02c8ff21-4e0a-4326-ba8f-089e5cb45b74___RS_LB 4089.JPG", "bboxes": [0.4219841131284916, 0.25340432960893855, 0.8846237779329609, 0.7051326815642458], "class": 2}