{"image": "03bab48b-962b-4c08-bc98-da95237d20ac___RS_LB 3190.JPG", "bboxes": [0.3085064594972068, 0.3745199022346368, 0.5987473812849162, 0.7869675279329609], "class": 2}