{"image": "03bab48b-962b-4c08-bc98-da95237d20ac___RS_LB 3190.JPG", "bboxes": [0.4012526187150838, 0.3745199022346368, 0.6914935405027932, 0.7869675279329609], "class": 2}