{"image": "04b964fd-7033-4cdf-88ef-b1acbcd8183a___RS_LB 2783.JPG", "bboxes": [0.11319395949720679, 0.38979574022346364, 0.40016148743016755, 0.8011522346368716], "class": 2}