{"image": "04b964fd-7033-4cdf-88ef-b1acbcd8183a___RS_LB 2783.JPG", "bboxes": [0.5998385125698324, 0.19884776536312848, 0.8868060405027932, 0.6102042597765364], "class": 2}