{"image": "04bbcc55-93d3-4a19-9137-8de036a8a4db___RS_LB 2647.JPG", "bboxes": [0.055364001396648044, 0.3854312150837989, 0.46781162709497204, 0.8076990223463688], "class": 2}