{"image": "04bbcc55-93d3-4a19-9137-8de036a8a4db___RS_LB 2647.JPG", "bboxes": [0.532188372905028, 0.3854312150837989, 0.9446359986033519, 0.8076990223463688], "class": 2}