{"image": "04bbcc55-93d3-4a19-9137-8de036a8a4db___RS_LB 2647.JPG", "bboxes": [0.055364001396648044, 0.1923009776536312, 0.46781162709497204, 0.6145687849162011], "class": 2}