{"image": "04ce7b2d-5e41-43c6-9e11-e1bc4f5e4cca___RS_LB 3224.JPG", "bboxes": [0.39907035614525144, 0.4421700418994413, 0.8693479399441341, 0.9255412011173185], "class": 2}