{"image": "04ce7b2d-5e41-43c6-9e11-e1bc4f5e4cca___RS_LB 3224.JPG", "bboxes": [0.39907035614525144, 0.07445879888268148, 0.8693479399441341, 0.5578299581005587], "class": 2}