{"image": "04fe5855-ec9c-40b3-9893-ca8addc236bd___RS_LB 4913.JPG", "bboxes": [0.4950899092178771, 0.33087465083798884, 0.8813503840782123, 0.5894727653631285], "class": 2}