{"image": "04fe5855-ec9c-40b3-9893-ca8addc236bd___RS_LB 4913.JPG", "bboxes": [0.11864961592178769, 0.33087465083798884, 0.5049100907821229, 0.5894727653631285], "class": 2}