{"image": "05c29b23-ecdf-41fc-be67-910bb74cd67c___RS_LB 4016.JPG", "bboxes": [0.26267894553072624, 0.1028282122905028, 0.7973332751396648, 0.7891497905027933], "class": 2}