{"image": "05c29b23-ecdf-41fc-be67-910bb74cd67c___RS_LB 4016.JPG", "bboxes": [0.26267894553072624, 0.21085020949720668, 0.7973332751396648, 0.8971717877094972], "class": 2}