{"image": "07fea080-7f6b-48e9-b6b5-10d7daf57610___RS_LB 3210.JPG", "bboxes": [0.46344710195530725, 0.3254189944134078, 0.8169736382681564, 0.6396648044692738], "class": 2}