{"image": "07fea080-7f6b-48e9-b6b5-10d7daf57610___RS_LB 3210.JPG", "bboxes": [0.1830263617318436, 0.36033519553072624, 0.5365528980446927, 0.6745810055865922], "class": 2}