{"image": "07fea080-7f6b-48e9-b6b5-10d7daf57610___RS_LB 3210.JPG", "bboxes": [0.1830263617318436, 0.3254189944134078, 0.5365528980446927, 0.6396648044692738], "class": 2}