{"image": "07ff77ae-07b4-4a2d-9c4a-bb89bb4fb1ef___RS_LB 2985.JPG", "bboxes": [0.04554381983240219, 0.04281599162011174, 0.8780769902234637, 0.8458886173184358], "class": 2}