{"image": "07ff77ae-07b4-4a2d-9c4a-bb89bb4fb1ef___RS_LB 2985.JPG", "bboxes": [0.1219230097765363, 0.1541113826815642, 0.9544561801675978, 0.9571840083798883], "class": 2}