{"image": "07ff77ae-07b4-4a2d-9c4a-bb89bb4fb1ef___RS_LB 2985.JPG", "bboxes": [0.04554381983240219, 0.1541113826815642, 0.8780769902234637, 0.9571840083798883], "class": 2}