{"image": "07ff77ae-07b4-4a2d-9c4a-bb89bb4fb1ef___RS_LB 2985.JPG", "bboxes": [0.1219230097765363, 0.04281599162011174, 0.9544561801675978, 0.8458886173184358], "class": 2}