{"image": "0acdc2b2-0dde-4073-8542-6fca275ab974___RS_LB 4857.JPG", "bboxes": [0.21030464385474856, 0.4258030726256983, 0.6674886522346368, 0.7902409217877095], "class": 2}