{"image": "0b092cda-db8c-489d-8c46-23ac3835310d___RS_LB 4480.JPG", "bboxes": [0.2419474511173184, 0.16720495810055858, 0.858436627094972, 0.5731057960893855], "class": 2}