{"image": "0b092cda-db8c-489d-8c46-23ac3835310d___RS_LB 4480.JPG", "bboxes": [0.14156337290502796, 0.16720495810055858, 0.7580525488826816, 0.5731057960893855], "class": 2}