{"image": "0c2628d4-8d64-48a9-a157-19a9c902e304___RS_LB 4590.JPG", "bboxes": [0.16556826117318446, 0.17920740223463688, 0.7285920041899442, 0.8720757681564246], "class": 2}