{"image": "0c83302d-4233-4e98-8ecf-755a970495bb___RS_LB 4904.JPG", "bboxes": [0.12519640363128492, 0.29704958100558654, 0.944635998603352, 0.825157122905028], "class": 2}