{"image": "0c83302d-4233-4e98-8ecf-755a970495bb___RS_LB 4904.JPG", "bboxes": [0.05536400139664799, 0.29704958100558654, 0.8748035963687151, 0.825157122905028], "class": 2}