{"image": "0c83302d-4233-4e98-8ecf-755a970495bb___RS_LB 4904.JPG", "bboxes": [0.12519640363128492, 0.17484287709497207, 0.944635998603352, 0.7029504189944135], "class": 2}