{"image": "0d8346e1-4624-4979-84e6-1353ca59007a___RS_LB 4079.JPG", "bboxes": [0.3619718924581006, 0.2108502094972067, 0.8431607891061453, 0.7029504189944135], "class": 2}