{"image": "0e7f0484-16eb-4183-b702-0a5b4f94d015___RS_LB 4000.JPG", "bboxes": [0.05863739525139666, 0.32214560055865915, 0.35106057960893866, 0.6222067039106145], "class": 2}