{"image": "0e7f0484-16eb-4183-b702-0a5b4f94d015___RS_LB 4000.JPG", "bboxes": [0.6489394203910613, 0.32214560055865915, 0.9413626047486033, 0.6222067039106145], "class": 2}