{"image": "0eb28ea9-c9e4-4999-9de2-835682241e53___RS_LB 2708.JPG", "bboxes": [0.24412971368715086, 0.5654678770949721, 0.6314813198324022, 0.8273393854748603], "class": 2}