{"image": "0eb24a67-a174-43db-86c7-cca8795942a2___RS_LB 4722.JPG", "bboxes": [0.09900925279329609, 0.29268505586592175, 0.9817344622905028, 0.7094972067039106], "class": 2}