{"image": "0eb28ea9-c9e4-4999-9de2-835682241e53___RS_LB 2708.JPG", "bboxes": [0.3685186801675978, 0.17266061452513967, 0.7558702863128491, 0.4345321229050279], "class": 2}