{"image": "0f1fb568-1b12-45ef-ad99-c59fa9075693___RS_LB 3242.JPG", "bboxes": [0.11101169692737428, 0.17047835195530725, 0.46781162709497204, 0.5447363826815643], "class": 2}