{"image": "0f243024-b1fa-4f96-ac7e-ecaf6dc5bc37___RS_LB 4925.JPG", "bboxes": [0.012809881284916225, 0.28722939944134074, 0.7667815991620112, 0.8589821927374302], "class": 2}