{"image": "0f243024-b1fa-4f96-ac7e-ecaf6dc5bc37___RS_LB 4925.JPG", "bboxes": [0.012809881284916225, 0.14101780726256985, 0.7667815991620112, 0.7127706005586593], "class": 2}