{"image": "0f243024-b1fa-4f96-ac7e-ecaf6dc5bc37___RS_LB 4925.JPG", "bboxes": [0.23321840083798884, 0.14101780726256985, 0.9871901187150838, 0.7127706005586593], "class": 2}