{"image": "0f50da52-cb4a-4391-982a-d6cf9c9d9917___RS_LB 2581.JPG", "bboxes": [0.11646735335195524, 0.47381284916201116, 0.40452601256983245, 0.7291375698324023], "class": 2}