{"image": "0f6eac3b-d674-4c4d-ab3a-88689feec07f___RS_LB 5232.JPG", "bboxes": [0.3041419343575419, 0.16502269553072627, 0.8693479399441341, 0.9309968575418995], "class": 2}