{"image": "0f6eac3b-d674-4c4d-ab3a-88689feec07f___RS_LB 5232.JPG", "bboxes": [0.13065206005586594, 0.16502269553072627, 0.6958580656424581, 0.9309968575418995], "class": 2}