{"image": "0f824e18-3821-486c-81a1-f1f64cf6e767___RS_LB 4894.JPG", "bboxes": [0.18084409916201116, 0.494544343575419, 0.6882201466480447, 0.8753491620111732], "class": 2}