{"image": "0f824e18-3821-486c-81a1-f1f64cf6e767___RS_LB 4894.JPG", "bboxes": [0.31177985335195535, 0.12465083798882681, 0.8191559008379888, 0.505455656424581], "class": 2}