{"image": "0f824e18-3821-486c-81a1-f1f64cf6e767___RS_LB 4894.JPG", "bboxes": [0.31177985335195535, 0.494544343575419, 0.8191559008379888, 0.8753491620111732], "class": 2}