{"image": "0fe7786d-0e2f-4705-839d-898f1d9214b0___RS_LB 2836.JPG", "bboxes": [0.2255804818435755, 0.5305516759776537, 0.6358458449720671, 0.7716916899441342], "class": 2}