{"image": "0fe7786d-0e2f-4705-839d-898f1d9214b0___RS_LB 2836.JPG", "bboxes": [0.3641541550279329, 0.22830831005586583, 0.7744195181564245, 0.46944832402234626], "class": 2}