{"image": "1a674846-9d13-4a7f-ba03-8931c5dd3d2c___RS_LB 2768.JPG", "bboxes": [0.2550410265363129, 0.5480097765363128, 0.6402103701117319, 0.8109724162011174], "class": 2}