{"image": "1a674846-9d13-4a7f-ba03-8931c5dd3d2c___RS_LB 2768.JPG", "bboxes": [0.3597896298882681, 0.18902758379888268, 0.7449589734636871, 0.45199022346368717], "class": 2}