{"image": "1a68ab56-2000-4d7a-ad4a-88d300104b7d___RS_LB 2594.JPG", "bboxes": [0.3248734287709497, 0.07118540502793297, 0.6369369762569832, 0.3276012569832402], "class": 2}