{"image": "1a68ab56-2000-4d7a-ad4a-88d300104b7d___RS_LB 2594.JPG", "bboxes": [0.3630630237430168, 0.6723987430167597, 0.6751265712290503, 0.928814594972067], "class": 2}