{"image": "1a6fc494-81dd-4649-ad8d-a5a6e58a2aa7___RS_LB 2618.JPG", "bboxes": [0.2714079958100558, 0.3767021648044693, 0.5671045740223464, 0.6036574720670391], "class": 2}