{"image": "1ab62af3-c0a5-4fab-bb62-e06d6f7ddb59___RS_LB 2908.JPG", "bboxes": [0.37942999301675984, 0.4181651536312848, 0.966458624301676, 0.8775314245810055], "class": 2}