{"image": "1ab62af3-c0a5-4fab-bb62-e06d6f7ddb59___RS_LB 2908.JPG", "bboxes": [0.03354137569832405, 0.12246857541899442, 0.6205700069832402, 0.5818348463687152], "class": 2}