{"image": "1b7342d7-5d89-4ee3-8b4f-587d79187511___RS_LB 4416.JPG", "bboxes": [0.4798140712290503, 0.008990921787709508, 0.8584366270949721, 0.3166899441340782], "class": 2}