{"image": "1b7342d7-5d89-4ee3-8b4f-587d79187511___RS_LB 4416.JPG", "bboxes": [0.4798140712290503, 0.6833100558659218, 0.8584366270949721, 0.9910090782122905], "class": 2}