{"image": "1b7342d7-5d89-4ee3-8b4f-587d79187511___RS_LB 4416.JPG", "bboxes": [0.1415633729050279, 0.008990921787709508, 0.5201859287709497, 0.3166899441340782], "class": 2}