{"image": "1b8f80ae-38a2-4d08-ae92-f80ff4459a73___RS_LB 2554.JPG", "bboxes": [0.2714079958100558, 0.4749039804469274, 0.7656904678770949, 0.8131546787709497], "class": 2}