{"image": "1b8f80ae-38a2-4d08-ae92-f80ff4459a73___RS_LB 2554.JPG", "bboxes": [0.23430953212290506, 0.1868453212290503, 0.7285920041899442, 0.5250960195530726], "class": 2}