{"image": "1c207156-339d-4ec9-9153-9edb3bc95b5f___RS_LB 4833.JPG", "bboxes": [0.18520862430167595, 0.2872293994413408, 0.8715302025139665, 0.7258641759776536], "class": 2}