{"image": "1c207156-339d-4ec9-9153-9edb3bc95b5f___RS_LB 4833.JPG", "bboxes": [0.1284697974860335, 0.2872293994413408, 0.814791375698324, 0.7258641759776536], "class": 2}