{"image": "1c6412c9-45ce-4814-af8d-274f4e3c9c4e___RS_LB 2746.JPG", "bboxes": [0.4328954259776536, 0.29268505586592175, 0.8955350907821228, 0.6418470670391061], "class": 2}