{"image": "1cd053f6-0016-4680-a924-af15aecd7fb2___RS_LB 4414.JPG", "bboxes": [0.07827775837988826, 0.11483065642458101, 0.34124039804469275, 0.28613826815642457], "class": 2}