{"image": "1cd0b065-e637-4307-9e0a-9c20dc44cc59___RS_LB 4784.JPG", "bboxes": [0.06627531424581007, 0.02099336592178772, 0.9424537360335196, 0.8076990223463688], "class": 2}