{"image": "1cd053f6-0016-4680-a924-af15aecd7fb2___RS_LB 4414.JPG", "bboxes": [0.6587596019553073, 0.7138617318435754, 0.9217222416201117, 0.885169343575419], "class": 2}