{"image": "1cd0b065-e637-4307-9e0a-9c20dc44cc59___RS_LB 4784.JPG", "bboxes": [0.05754626396648044, 0.02099336592178772, 0.9337246857541899, 0.8076990223463688], "class": 2}