{"image": "1cd0b065-e637-4307-9e0a-9c20dc44cc59___RS_LB 4784.JPG", "bboxes": [0.06627531424581007, 0.1923009776536312, 0.9424537360335196, 0.9790066340782123], "class": 2}