{"image": "1cffe6a1-6fb3-4506-846c-478148a2b678___RS_LB 4380.JPG", "bboxes": [0.4361688198324022, 0.282864874301676, 0.8137002444134078, 0.711679469273743], "class": 2}