{"image": "1cffe6a1-6fb3-4506-846c-478148a2b678___RS_LB 4380.JPG", "bboxes": [0.18629975558659218, 0.282864874301676, 0.5638311801675978, 0.711679469273743], "class": 2}