{"image": "1cffe6a1-6fb3-4506-846c-478148a2b678___RS_LB 4380.JPG", "bboxes": [0.18629975558659218, 0.28832053072625696, 0.5638311801675978, 0.717135125698324], "class": 2}