{"image": "1d05837e-11e4-40a4-8bd5-cfe5ad67365a___RS_LB 5428.JPG", "bboxes": [0.2997774092178771, 0.5512831703910615, 0.6871290153631285, 0.9855534217877095], "class": 2}