{"image": "1d05837e-11e4-40a4-8bd5-cfe5ad67365a___RS_LB 5428.JPG", "bboxes": [0.31287098463687146, 0.01444657821229045, 0.7002225907821229, 0.44871682960893855], "class": 2}