{"image": "1d05837e-11e4-40a4-8bd5-cfe5ad67365a___RS_LB 5428.JPG", "bboxes": [0.2997774092178771, 0.01444657821229045, 0.6871290153631285, 0.44871682960893855], "class": 2}