{"image": "1d05837e-11e4-40a4-8bd5-cfe5ad67365a___RS_LB 5428.JPG", "bboxes": [0.31287098463687146, 0.5512831703910615, 0.7002225907821229, 0.9855534217877095], "class": 2}