{"image": "1d389389-0585-433a-83c7-30b42db2ca3f___RS_LB 3322.JPG", "bboxes": [0.2168514315642458, 0.015537709497206714, 0.9653674930167598, 0.7902409217877095], "class": 2}