{"image": "1d389389-0585-433a-83c7-30b42db2ca3f___RS_LB 3322.JPG", "bboxes": [0.03463250698324016, 0.20975907821229045, 0.7831485684357542, 0.9844622905027933], "class": 2}