{"image": "1e0326a5-b208-447f-9d60-f788ec4b6e3f___RS_LB 4526.JPG", "bboxes": [0.1873908868715084, 0.12137744413407822, 0.7067693784916201, 0.5512831703910615], "class": 2}