{"image": "1e0326a5-b208-447f-9d60-f788ec4b6e3f___RS_LB 4526.JPG", "bboxes": [0.29323062150837986, 0.44871682960893855, 0.8126091131284916, 0.8786225558659218], "class": 2}