{"image": "1e1fde7a-c535-49fd-9670-629f7fb9cb3d___RS_LB 3949.JPG", "bboxes": [0.035723638268156443, 0.17593400837988826, 0.48854312150837986, 0.6483938547486033], "class": 2}