{"image": "1e1fde7a-c535-49fd-9670-629f7fb9cb3d___RS_LB 3949.JPG", "bboxes": [0.5114568784916201, 0.17593400837988826, 0.9642763617318435, 0.6483938547486033], "class": 2}