{"image": "1e1fde7a-c535-49fd-9670-629f7fb9cb3d___RS_LB 3949.JPG", "bboxes": [0.5114568784916201, 0.35160614525139666, 0.9642763617318435, 0.8240659916201117], "class": 2}