{"image": "1e3e04cc-3778-4d78-b8f9-d60faa0534b0___RS_LB 5246.JPG", "bboxes": [0.15683921089385466, 0.1170129189944134, 0.7013137220670391, 0.906991969273743], "class": 2}