{"image": "1e3e04cc-3778-4d78-b8f9-d60faa0534b0___RS_LB 5246.JPG", "bboxes": [0.2986862779329609, 0.1170129189944134, 0.8431607891061453, 0.906991969273743], "class": 2}