{"image": "1e69b122-3920-4c4a-bfff-a18f3d6c3f89___RS_LB 4766.JPG", "bboxes": [0.0848245460893855, 0.06572974860335196, 0.9206311103351955, 0.7858763966480448], "class": 2}