{"image": "1e69b122-3920-4c4a-bfff-a18f3d6c3f89___RS_LB 4766.JPG", "bboxes": [0.07936888966480449, 0.06572974860335196, 0.9151754539106145, 0.7858763966480448], "class": 2}