{"image": "1ed357f9-f036-4bf2-b180-1588976eb116___RS_LB 3005.JPG", "bboxes": [0.17647957402234649, 0.22285265363128492, 0.7700549930167597, 0.591655027932961], "class": 2}