{"image": "1ed357f9-f036-4bf2-b180-1588976eb116___RS_LB 3005.JPG", "bboxes": [0.22994500698324027, 0.22285265363128492, 0.8235204259776535, 0.591655027932961], "class": 2}