{"image": "1f440bb7-e35d-4bc9-a807-81dac78c54b8___RS_LB 2727.JPG", "bboxes": [0.04117929469273751, 0.31778107541899436, 0.8082445879888268, 0.8753491620111732], "class": 2}