{"image": "1f440bb7-e35d-4bc9-a807-81dac78c54b8___RS_LB 2727.JPG", "bboxes": [0.1917554120111732, 0.12465083798882681, 0.9588207053072625, 0.6822189245810056], "class": 2}