{"image": "1f440bb7-e35d-4bc9-a807-81dac78c54b8___RS_LB 2727.JPG", "bboxes": [0.1917554120111732, 0.31778107541899436, 0.9588207053072625, 0.8753491620111732], "class": 2}