{"image": "1f84da28-3025-4cc0-8815-5b6b60205956___RS_LB 3326.JPG", "bboxes": [0.24740310754189954, 0.07554993016759777, 0.9806433310055866, 0.6985858938547487], "class": 2}