{"image": "1f84da28-3025-4cc0-8815-5b6b60205956___RS_LB 3326.JPG", "bboxes": [0.019356668994413406, 0.3014141061452513, 0.7525968924581005, 0.9244500698324022], "class": 2}