{"image": "1f84da28-3025-4cc0-8815-5b6b60205956___RS_LB 3326.JPG", "bboxes": [0.019356668994413406, 0.07554993016759777, 0.7525968924581005, 0.6985858938547487], "class": 2}