{"image": "1f84da28-3025-4cc0-8815-5b6b60205956___RS_LB 3326.JPG", "bboxes": [0.24740310754189954, 0.3014141061452513, 0.9806433310055866, 0.9244500698324022], "class": 2}