{"image": "1fa9afe6-69ab-4206-a8b5-487531391a37___RS_LB 3006.JPG", "bboxes": [0.0968269902234637, 0.3821578212290502, 0.65221281424581, 0.7793296089385475], "class": 2}