{"image": "1fa9afe6-69ab-4206-a8b5-487531391a37___RS_LB 3006.JPG", "bboxes": [0.34778718575419, 0.2206703910614525, 0.9031730097765363, 0.6178421787709498], "class": 2}