{"image": "2a3e5c22-1e37-4ba0-8686-cf7482e4e8d3___RS_LB 4126.JPG", "bboxes": [0.2026667248603352, 0.2654067737430167, 0.7525968924581005, 0.706223812849162], "class": 2}