{"image": "2a3e5c22-1e37-4ba0-8686-cf7482e4e8d3___RS_LB 4126.JPG", "bboxes": [0.2026667248603352, 0.293776187150838, 0.7525968924581005, 0.7345932262569833], "class": 2}