{"image": "2a52ba17-febc-49b9-b5ab-52a500d387de___RS_LB 2621.JPG", "bboxes": [0.1492012918994413, 0.2981407122905028, 0.5725602304469274, 0.6342091480446927], "class": 2}