{"image": "2a52ba17-febc-49b9-b5ab-52a500d387de___RS_LB 2621.JPG", "bboxes": [0.1492012918994413, 0.36579085195530725, 0.5725602304469274, 0.7018592877094971], "class": 2}