{"image": "2a52ba17-febc-49b9-b5ab-52a500d387de___RS_LB 2621.JPG", "bboxes": [0.4274397695530726, 0.2981407122905028, 0.8507987081005587, 0.6342091480446927], "class": 2}