{"image": "2addf5f2-acc5-448c-88a1-fe357d9aa9ac___RS_LB 4736.JPG", "bboxes": [0.018265537709497237, 0.29704958100558654, 0.46344710195530725, 0.6494849860335196], "class": 2}