{"image": "2addf5f2-acc5-448c-88a1-fe357d9aa9ac___RS_LB 4736.JPG", "bboxes": [0.5365528980446927, 0.29704958100558654, 0.9817344622905028, 0.6494849860335196], "class": 2}