{"image": "2b064606-e6e2-46e0-9788-d1049f0e4fed___RS_LB 4246.JPG", "bboxes": [0.10010038407821231, 0.35160614525139655, 0.5714690991620112, 0.9113564944134078], "class": 2}