{"image": "2b064606-e6e2-46e0-9788-d1049f0e4fed___RS_LB 4246.JPG", "bboxes": [0.42853090083798884, 0.08864350558659219, 0.8998996159217877, 0.6483938547486034], "class": 2}