{"image": "2b7f92a9-9bd8-4461-9588-ab98abf54be0___RS_LB 2575.JPG", "bboxes": [0.36633641759776536, 0.3385125698324022, 0.6107498254189944, 0.5992929469273742], "class": 2}