{"image": "2b7f92a9-9bd8-4461-9588-ab98abf54be0___RS_LB 2575.JPG", "bboxes": [0.36633641759776536, 0.4007070530726257, 0.6107498254189944, 0.6614874301675978], "class": 2}