{"image": "2b974785-090d-4dae-81a2-ce3ebc2a1c68___RS_LB 4634.JPG", "bboxes": [0.0924624650837989, 0.16502269553072624, 0.6478482891061453, 0.6134776536312849], "class": 2}