{"image": "2b974785-090d-4dae-81a2-ce3ebc2a1c68___RS_LB 4634.JPG", "bboxes": [0.0924624650837989, 0.3865223463687151, 0.6478482891061453, 0.8349773044692738], "class": 2}