{"image": "2b974785-090d-4dae-81a2-ce3ebc2a1c68___RS_LB 4634.JPG", "bboxes": [0.35215171089385466, 0.16502269553072624, 0.9075375349162011, 0.6134776536312849], "class": 2}