{"image": "2c2b39ed-75f9-49f6-a28e-36a2cb608297___RS_LB 2794.JPG", "bboxes": [0.3194177723463687, 0.3352391759776536, 0.9500916550279329, 0.8709846368715084], "class": 2}