{"image": "2c2b39ed-75f9-49f6-a28e-36a2cb608297___RS_LB 2794.JPG", "bboxes": [0.3194177723463687, 0.1290153631284916, 0.9500916550279329, 0.6647608240223464], "class": 2}