{"image": "2c33381e-78d8-47fc-8cea-1459164f46d6___RS_LB 4115.JPG", "bboxes": [0.1535658170391061, 0.2523131983240223, 0.635845844972067, 0.7727828212290503], "class": 2}