{"image": "2d736aa6-79a6-42b0-9e92-d859bcd72824___RS_LB 5244.JPG", "bboxes": [0.12083187849162014, 0.1923009776536313, 0.884623777932961, 0.8382506983240224], "class": 2}