{"image": "2d736aa6-79a6-42b0-9e92-d859bcd72824___RS_LB 5244.JPG", "bboxes": [0.12083187849162014, 0.16174930167597756, 0.884623777932961, 0.8076990223463687], "class": 2}