{"image": "2d736aa6-79a6-42b0-9e92-d859bcd72824___RS_LB 5244.JPG", "bboxes": [0.11537622206703901, 0.16174930167597756, 0.8791681215083799, 0.8076990223463687], "class": 2}