{"image": "2d8cbe58-280e-4c93-9b06-26f4279eb4d8___RS_LB 2855.JPG", "bboxes": [0.46344710195530725, 0.3494238826815642, 0.8355228701117318, 0.624388966480447], "class": 2}