{"image": "2e18248f-e251-44c0-b9a5-a198455f43ee___RS_LB 4858.JPG", "bboxes": [0.3085064594972068, 0.549100907821229, 0.7940598812849162, 0.8295216480446927], "class": 2}