{"image": "2e18248f-e251-44c0-b9a5-a198455f43ee___RS_LB 4858.JPG", "bboxes": [0.20594011871508378, 0.17047835195530728, 0.6914935405027932, 0.45089909217877094], "class": 2}