{"image": "2ea232e4-2e94-426f-b86f-8bc5861f334f___RS_LB 4757.JPG", "bboxes": [0.22012482541899436, 0.029722416201117263, 0.917357716480447, 0.7706005586592178], "class": 2}