{"image": "2ea232e4-2e94-426f-b86f-8bc5861f334f___RS_LB 4757.JPG", "bboxes": [0.08264228351955305, 0.22939944134078213, 0.7798751745810056, 0.9702775837988827], "class": 2}