{"image": "2ed031ef-c77f-42d2-83fa-4fbfc66d67b2___RS_LB 5254.JPG", "bboxes": [0.2070312500000001, 0.010082053072625708, 0.6718531773743017, 0.5305516759776537], "class": 2}