{"image": "2ed031ef-c77f-42d2-83fa-4fbfc66d67b2___RS_LB 5254.JPG", "bboxes": [0.3281468226256983, 0.46944832402234626, 0.7929687499999999, 0.9899179469273743], "class": 2}