{"image": "2ef5c4f6-a798-40fd-8380-f444f3290987___RS_LB 4428.JPG", "bboxes": [0.5343706354748603, 0.3297835195530726, 0.8398873952513967, 0.6822189245810055], "class": 2}