{"image": "2ef5c4f6-a798-40fd-8380-f444f3290987___RS_LB 4428.JPG", "bboxes": [0.16011260474860334, 0.3297835195530726, 0.4656293645251397, 0.6822189245810055], "class": 2}