{"image": "2f419afc-a232-42c7-b0ff-92d928647a0f___RS_LB 4917.JPG", "bboxes": [0.10773830307262566, 0.13556215083798884, 0.7111339036312849, 0.7978788407821229], "class": 2}