{"image": "2f419afc-a232-42c7-b0ff-92d928647a0f___RS_LB 4917.JPG", "bboxes": [0.2888660963687151, 0.13556215083798884, 0.8922616969273743, 0.7978788407821229], "class": 2}