{"image": "2f419afc-a232-42c7-b0ff-92d928647a0f___RS_LB 4917.JPG", "bboxes": [0.10773830307262566, 0.2021211592178771, 0.7111339036312849, 0.8644378491620112], "class": 2}