{"image": "2f6382f7-12fc-4309-b7db-b034b8165c67___RS_LB 4955.JPG", "bboxes": [0.364154155027933, 0.22285265363128492, 0.8955350907821229, 0.8284305167597766], "class": 2}