{"image": "2f7b6898-a342-42a5-a0e5-a9f2bad7eaf1___RS_LB 2831.JPG", "bboxes": [0.5681957053072626, 0.24794867318435754, 0.8191559008379888, 0.5665590083798884], "class": 2}