{"image": "2f7b6898-a342-42a5-a0e5-a9f2bad7eaf1___RS_LB 2831.JPG", "bboxes": [0.5681957053072626, 0.4334409916201116, 0.8191559008379888, 0.7520513268156425], "class": 2}