{"image": "2f8e6ae7-f6ac-4bab-992b-82e3c51cf476___RS_LB 2743.JPG", "bboxes": [0.1721150488826816, 0.25885998603351956, 0.5180036662011174, 0.5960195530726258], "class": 2}