{"image": "2f8e6ae7-f6ac-4bab-992b-82e3c51cf476___RS_LB 2743.JPG", "bboxes": [0.4819963337988826, 0.4039804469273742, 0.8278849511173184, 0.7411400139664804], "class": 2}