{"image": "3a0033d6-2efc-4926-a9eb-3969d815d630___RS_LB 5144.JPG", "bboxes": [0.2790459148044693, 0.2806826117318435, 0.8322494762569833, 0.7749650837988826], "class": 2}