{"image": "3a0033d6-2efc-4926-a9eb-3969d815d630___RS_LB 5144.JPG", "bboxes": [0.1677505237430167, 0.2806826117318435, 0.7209540851955307, 0.7749650837988826], "class": 2}