{"image": "3a0033d6-2efc-4926-a9eb-3969d815d630___RS_LB 5144.JPG", "bboxes": [0.2790459148044693, 0.22503491620111732, 0.8322494762569833, 0.7193173882681565], "class": 2}