{"image": "3a0033d6-2efc-4926-a9eb-3969d815d630___RS_LB 5144.JPG", "bboxes": [0.1677505237430167, 0.22503491620111732, 0.7209540851955307, 0.7193173882681565], "class": 2}