{"image": "3a728bc7-b08d-4a11-bb49-b25d803c3336___RS_LB 4074.JPG", "bboxes": [0.3139621159217877, 0.3297835195530726, 0.7733283868715083, 0.5840171089385475], "class": 2}