{"image": "3a728bc7-b08d-4a11-bb49-b25d803c3336___RS_LB 4074.JPG", "bboxes": [0.3139621159217877, 0.41598289106145253, 0.7733283868715083, 0.6702164804469274], "class": 2}