{"image": "3b241fa8-12f2-4c80-afe2-0a4cdc8f34a1___RS_LB 5138.JPG", "bboxes": [0.2157603002793297, 0.09300803072625696, 0.9675497555865922, 0.7465956703910615], "class": 2}