{"image": "3b241fa8-12f2-4c80-afe2-0a4cdc8f34a1___RS_LB 5138.JPG", "bboxes": [0.032450244413407825, 0.25340432960893855, 0.7842396997206703, 0.906991969273743], "class": 2}