{"image": "3c20c90a-788c-4d06-acdb-107f695d901b___RS_LB 4856.JPG", "bboxes": [0.26267894553072624, 0.26104224860335196, 0.8235204259776535, 0.6549406424581006], "class": 2}