{"image": "3c20c90a-788c-4d06-acdb-107f695d901b___RS_LB 4856.JPG", "bboxes": [0.17647957402234649, 0.26104224860335196, 0.7373210544692738, 0.6549406424581006], "class": 2}