{"image": "3c5e5bd4-e805-44b4-a030-51ee6bb1cef6___RS_LB 4139.JPG", "bboxes": [0.16993278631284914, 0.1017370810055866, 0.8900794343575419, 0.9233589385474861], "class": 2}