{"image": "3c5e5bd4-e805-44b4-a030-51ee6bb1cef6___RS_LB 4139.JPG", "bboxes": [0.10992056564245811, 0.07664106145251393, 0.8300672136871509, 0.8982629189944134], "class": 2}