{"image": "3cfeea97-88e1-42e6-b760-0fa125613e9c___RS_LB 4406.JPG", "bboxes": [0.4219841131284916, 0.14538233240223464, 0.7504146298882681, 0.4148917597765363], "class": 2}