{"image": "3cfeea97-88e1-42e6-b760-0fa125613e9c___RS_LB 4406.JPG", "bboxes": [0.4219841131284916, 0.5851082402234637, 0.7504146298882681, 0.8546176675977654], "class": 2}