{"image": "3cfeea97-88e1-42e6-b760-0fa125613e9c___RS_LB 4406.JPG", "bboxes": [0.24958537011173187, 0.5851082402234637, 0.5780158868715084, 0.8546176675977654], "class": 2}