{"image": "3d4b41e8-18f8-400a-a961-82731c6ac4d5___RS_LB 5157.JPG", "bboxes": [0.13065206005586594, 0.1923009776536312, 0.8715302025139664, 0.8186103351955307], "class": 2}