{"image": "3d4b41e8-18f8-400a-a961-82731c6ac4d5___RS_LB 5157.JPG", "bboxes": [0.13065206005586594, 0.18138966480446927, 0.8715302025139664, 0.8076990223463688], "class": 2}