{"image": "3d4ddc33-b13b-4f7e-8689-1cf82532ef8e___RS_LB 3162.JPG", "bboxes": [0.20921351256983245, 0.3745199022346368, 0.5856538058659218, 0.8698935055865922], "class": 2}