{"image": "3d4ddc33-b13b-4f7e-8689-1cf82532ef8e___RS_LB 3162.JPG", "bboxes": [0.20921351256983245, 0.13010649441340782, 0.5856538058659218, 0.6254800977653632], "class": 2}