{"image": "3d4ddc33-b13b-4f7e-8689-1cf82532ef8e___RS_LB 3162.JPG", "bboxes": [0.41434619413407825, 0.13010649441340782, 0.7907864874301676, 0.6254800977653632], "class": 2}