{"image": "3d544e81-b7f3-4853-bb65-c78b125d1a6a___RS_LB 3238.JPG", "bboxes": [0.09137133379888268, 0.24249301675977653, 0.59765625, 0.6003840782122905], "class": 2}