{"image": "3d544e81-b7f3-4853-bb65-c78b125d1a6a___RS_LB 3238.JPG", "bboxes": [0.09137133379888268, 0.3996159217877095, 0.59765625, 0.7575069832402235], "class": 2}