{"image": "3e379b4f-29dd-4f14-86e6-11fa37cf3ae9___RS_LB 4789.JPG", "bboxes": [0.11755848463687146, 0.12792423184357538, 0.7045871159217877, 0.890625], "class": 2}