{"image": "3e379b4f-29dd-4f14-86e6-11fa37cf3ae9___RS_LB 4789.JPG", "bboxes": [0.2954128840782123, 0.109375, 0.8824415153631285, 0.8720757681564246], "class": 2}