{"image": "3e81c41f-5b6b-4458-8aa8-6a544a8e678c___RS_LB 4963.JPG", "bboxes": [0.1066471717877095, 0.32214560055865915, 0.6151143505586593, 0.9266323324022346], "class": 2}