{"image": "3f24e6f6-ff9f-4416-9fce-b8153a030de2___RS_LB 2730.JPG", "bboxes": [0.10555604050279321, 0.5982018156424581, 0.5190947974860335, 0.9211766759776536], "class": 2}