{"image": "3f24e6f6-ff9f-4416-9fce-b8153a030de2___RS_LB 2730.JPG", "bboxes": [0.10555604050279321, 0.07882332402234637, 0.5190947974860335, 0.4017981843575419], "class": 2}