{"image": "3f24e6f6-ff9f-4416-9fce-b8153a030de2___RS_LB 2730.JPG", "bboxes": [0.4809052025139665, 0.5982018156424581, 0.8944439594972068, 0.9211766759776536], "class": 2}