{"image": "3f24e6f6-ff9f-4416-9fce-b8153a030de2___RS_LB 2730.JPG", "bboxes": [0.4809052025139665, 0.07882332402234637, 0.8944439594972068, 0.4017981843575419], "class": 2}