{"image": "3f2d7c62-8d58-4a40-9df4-0ab3497b13b9___RS_LB 4487.JPG", "bboxes": [0.24740310754189943, 0.08537011173184358, 0.8486164455307262, 0.7826030027932961], "class": 2}