{"image": "3f30c40f-105b-4ce7-a376-d2e6f4681e3b___RS_LB 4921.JPG", "bboxes": [0.11974074720670391, 0.03626920391061453, 0.9544561801675977, 0.7400488826815643], "class": 2}