{"image": "3f30c40f-105b-4ce7-a376-d2e6f4681e3b___RS_LB 4921.JPG", "bboxes": [0.045543819832402244, 0.2599511173184357, 0.8802592527932961, 0.9637307960893855], "class": 2}