{"image": "3f3bd8d4-82d4-456c-a3fc-068a63710d52___RS_LB 4971.JPG", "bboxes": [0.10119151536312854, 0.2501309357541899, 0.7973332751396648, 0.9102653631284916], "class": 2}