{"image": "3f3bd8d4-82d4-456c-a3fc-068a63710d52___RS_LB 4971.JPG", "bboxes": [0.2026667248603352, 0.08973463687150839, 0.8988084846368715, 0.7498690642458101], "class": 2}