{"image": "3f624c56-6bd1-4e7e-8fcd-d6b4480abe12___RS_LB 5215.JPG", "bboxes": [0.2321272695530726, 0.13556215083798884, 0.8126091131284916, 0.6974947625698324], "class": 2}