{"image": "3f624c56-6bd1-4e7e-8fcd-d6b4480abe12___RS_LB 5215.JPG", "bboxes": [0.2321272695530726, 0.3025052374301676, 0.8126091131284916, 0.8644378491620112], "class": 2}