{"image": "3f6bce87-fb66-44fb-8e76-e282af4869b9___RS_LB 3013.JPG", "bboxes": [0.2168514315642459, 0.2697712988826815, 0.5638311801675978, 0.6014752094972067], "class": 2}