{"image": "3f6bce87-fb66-44fb-8e76-e282af4869b9___RS_LB 3013.JPG", "bboxes": [0.2168514315642459, 0.39852479050279327, 0.5638311801675978, 0.7302287011173185], "class": 2}