{"image": "3f6db123-4a6e-4b8a-9b26-954ccf29cc3c___RS_LB 4695.JPG", "bboxes": [0.2997774092178772, 0.09300803072625696, 0.8442519203910615, 0.7455045391061452], "class": 2}