{"image": "3f6db123-4a6e-4b8a-9b26-954ccf29cc3c___RS_LB 4695.JPG", "bboxes": [0.15574807960893855, 0.09300803072625696, 0.7002225907821228, 0.7455045391061452], "class": 2}