{"image": "3f7f719f-9849-47c5-8f79-0384a64f8e8f___RS_LB 2862.JPG", "bboxes": [0.2812281773743017, 0.109375, 0.8158825069832402, 0.7411400139664804], "class": 2}