{"image": "3f7f719f-9849-47c5-8f79-0384a64f8e8f___RS_LB 2862.JPG", "bboxes": [0.18411749301675984, 0.25885998603351956, 0.7187718226256983, 0.890625], "class": 2}