{"image": "4a34ce1c-9fde-4707-947a-58432a695741___RS_LB 3277.JPG", "bboxes": [0.2910483589385474, 0.34833275139664804, 0.6783999650837989, 0.717135125698324], "class": 2}