{"image": "4a34ce1c-9fde-4707-947a-58432a695741___RS_LB 3277.JPG", "bboxes": [0.32160003491620115, 0.34833275139664804, 0.7089516410614526, 0.717135125698324], "class": 2}