{"image": "4a34ce1c-9fde-4707-947a-58432a695741___RS_LB 3277.JPG", "bboxes": [0.2910483589385474, 0.28286487430167595, 0.6783999650837989, 0.6516672486033519], "class": 2}