{"image": "4a5c555b-3f00-4553-b6a4-3be268969d7f___RS_LB 4323.JPG", "bboxes": [0.4699938896648045, 0.2839560055865922, 0.8213381634078212, 0.8502531424581006], "class": 2}