{"image": "4a5c555b-3f00-4553-b6a4-3be268969d7f___RS_LB 4323.JPG", "bboxes": [0.17866183659217882, 0.14974685754189943, 0.5300061103351955, 0.7160439944134078], "class": 2}