{"image": "4a911e79-f9c0-4ba1-aa80-567d653df61c___RS_LB 4038.JPG", "bboxes": [0.1262875349162011, 0.22394378491620104, 0.413255062849162, 0.5229137569832403], "class": 2}