{"image": "4a911e79-f9c0-4ba1-aa80-567d653df61c___RS_LB 4038.JPG", "bboxes": [0.586744937150838, 0.4770862430167598, 0.8737124650837989, 0.776056215083799], "class": 2}