{"image": "4ac84ca7-f60a-406e-938d-40f4ba5b75ce___RS_LB 2731.JPG", "bboxes": [0.608567562849162, 0.1071927374301676, 0.9457271298882682, 0.516366969273743], "class": 2}