{"image": "4afd8bf6-0e1e-4a85-a576-1e8995c88d5c___RS_LB 2505.JPG", "bboxes": [0.18957314944134074, 0.39852479050279327, 0.668579783519553, 0.5774703212290503], "class": 2}