{"image": "4afd8bf6-0e1e-4a85-a576-1e8995c88d5c___RS_LB 2505.JPG", "bboxes": [0.33142021648044695, 0.4225296787709497, 0.8104268505586593, 0.6014752094972067], "class": 2}