{"image": "4bccc3ae-4246-48f8-9c07-f4a1d5856314___RS_LB 2760.JPG", "bboxes": [0.15029242318435754, 0.6374825418994414, 0.619478875698324, 0.8862604748603352], "class": 2}