{"image": "4bccc3ae-4246-48f8-9c07-f4a1d5856314___RS_LB 2760.JPG", "bboxes": [0.15029242318435754, 0.11373952513966479, 0.619478875698324, 0.3625174581005586], "class": 2}