{"image": "4c846678-1c22-4734-b2bf-fb774bf3bb13___RS_LB 4090.JPG", "bboxes": [0.24412971368715086, 0.1682960893854748, 0.5845626745810055, 0.489088687150838], "class": 2}