{"image": "4c846678-1c22-4734-b2bf-fb774bf3bb13___RS_LB 4090.JPG", "bboxes": [0.4154373254189945, 0.1682960893854748, 0.7558702863128491, 0.489088687150838], "class": 2}