{"image": "4c846678-1c22-4734-b2bf-fb774bf3bb13___RS_LB 4090.JPG", "bboxes": [0.24412971368715086, 0.510911312849162, 0.5845626745810055, 0.8317039106145252], "class": 2}