{"image": "4cc2dba7-6871-481d-8989-07ea683e58b5___RS_LB 4979.JPG", "bboxes": [0.29650401536312854, 0.3112342877094971, 0.6565773393854749, 0.6745810055865922], "class": 2}