{"image": "4cc2dba7-6871-481d-8989-07ea683e58b5___RS_LB 4979.JPG", "bboxes": [0.29650401536312854, 0.3254189944134078, 0.6565773393854749, 0.6887657122905029], "class": 2}