{"image": "4cd2f7ef-e3aa-4b2a-b382-6fea00bfd070___RS_LB 5006.JPG", "bboxes": [0.23867405726256974, 0.07991445530726249, 0.9217222416201117, 0.684401187150838], "class": 2}