{"image": "4cd2f7ef-e3aa-4b2a-b382-6fea00bfd070___RS_LB 5006.JPG", "bboxes": [0.07827775837988826, 0.07991445530726249, 0.7613259427374303, 0.684401187150838], "class": 2}