{"image": "4cd2f7ef-e3aa-4b2a-b382-6fea00bfd070___RS_LB 5006.JPG", "bboxes": [0.23867405726256974, 0.315598812849162, 0.9217222416201117, 0.9200855446927375], "class": 2}