{"image": "4ce7142d-29a5-4fa0-8559-f9a2e6a3f62d___RS_LB 3189.JPG", "bboxes": [0.3728832053072626, 0.43453212290502785, 0.7078605097765364, 0.8011522346368716], "class": 2}