{"image": "4d56ef9d-bc69-489c-92de-d2fad01d762d___RS_LB 3890.JPG", "bboxes": [0.23976518854748607, 0.33087465083798884, 0.8355228701117318, 0.770600558659218], "class": 2}