{"image": "4d56ef9d-bc69-489c-92de-d2fad01d762d___RS_LB 3890.JPG", "bboxes": [0.23976518854748607, 0.22939944134078205, 0.8355228701117318, 0.6691253491620112], "class": 2}