{"image": "4d96b41e-8e2e-4a0d-b9a2-0ab8456e4074___RS_LB 3893.JPG", "bboxes": [0.2845015712290503, 0.22830831005586594, 0.7995155377094972, 0.7935143156424581], "class": 2}