{"image": "4d96b41e-8e2e-4a0d-b9a2-0ab8456e4074___RS_LB 3893.JPG", "bboxes": [0.20048446229050276, 0.2064856843575419, 0.7154984287709497, 0.7716916899441341], "class": 2}