{"image": "4eaf1f96-f7f4-4a92-ba67-0147de20ab72___RS_LB 4830.JPG", "bboxes": [0.14592789804469275, 0.0951902932960893, 0.8082445879888268, 0.7771473463687151], "class": 2}