{"image": "4eaf1f96-f7f4-4a92-ba67-0147de20ab72___RS_LB 4830.JPG", "bboxes": [0.1917554120111732, 0.0951902932960893, 0.8540721019553073, 0.7771473463687151], "class": 2}