{"image": "4eaf1f96-f7f4-4a92-ba67-0147de20ab72___RS_LB 4830.JPG", "bboxes": [0.14592789804469275, 0.22285265363128492, 0.8082445879888268, 0.9048097067039107], "class": 2}