{"image": "4f138229-2f00-4374-9c16-3732660bf011___RS_LB 4105.JPG", "bboxes": [0.12737866620111732, 0.06682087988826813, 0.6860378840782123, 0.7160439944134078], "class": 2}