{"image": "4f138229-2f00-4374-9c16-3732660bf011___RS_LB 4105.JPG", "bboxes": [0.3139621159217877, 0.2839560055865922, 0.8726213337988826, 0.9331791201117319], "class": 2}