{"image": "4f249e3b-92a0-43e5-a70d-fe3045630437___RS_LB 3913.JPG", "bboxes": [0.1295609287709497, 0.09519029329608938, 0.7995155377094972, 0.7105883379888268], "class": 2}