{"image": "4f41de6a-c118-4296-a753-963d1427323c___RS_LB 4561.JPG", "bboxes": [0.1732061801675978, 0.34178596368715086, 0.5158214036312849, 0.629844622905028], "class": 2}