{"image": "4fbe268d-dabb-4a25-8283-7968fd91fcdb___RS_LB 4819.JPG", "bboxes": [0.3717920740223464, 0.07009427374301669, 0.9359069483240223, 0.7869675279329609], "class": 2}