{"image": "4fbe268d-dabb-4a25-8283-7968fd91fcdb___RS_LB 4819.JPG", "bboxes": [0.06409305167597767, 0.07009427374301669, 0.6282079259776536, 0.7869675279329609], "class": 2}