{"image": "4fbe268d-dabb-4a25-8283-7968fd91fcdb___RS_LB 4819.JPG", "bboxes": [0.3717920740223464, 0.2130324720670391, 0.9359069483240223, 0.9299057262569833], "class": 2}