{"image": "4fbe268d-dabb-4a25-8283-7968fd91fcdb___RS_LB 4819.JPG", "bboxes": [0.06409305167597767, 0.2130324720670391, 0.6282079259776536, 0.9299057262569833], "class": 2}