{"image": "5a2996c9-ed8f-4c8d-bab3-b68a833b7811___RS_LB 4786.JPG", "bboxes": [0.1415633729050279, 0.07445879888268148, 0.8824415153631285, 0.94518156424581], "class": 2}