{"image": "5a2996c9-ed8f-4c8d-bab3-b68a833b7811___RS_LB 4786.JPG", "bboxes": [0.11755848463687146, 0.05481843575418996, 0.8584366270949721, 0.9255412011173185], "class": 2}