{"image": "5a7127de-28ef-47fb-ba00-4b68bf0d4157___RS_LB 2822.JPG", "bboxes": [0.22994500698324016, 0.34942388268156427, 0.5180036662011174, 0.6822189245810056], "class": 2}