{"image": "5a7127de-28ef-47fb-ba00-4b68bf0d4157___RS_LB 2822.JPG", "bboxes": [0.4819963337988826, 0.34942388268156427, 0.7700549930167598, 0.6822189245810056], "class": 2}