{"image": "5b12fde1-fe3a-49fe-8430-479775018322___RS_LB 3071.JPG", "bboxes": [0.22339821927374304, 0.46290153631284914, 0.5660134427374302, 0.8175192039106145], "class": 2}