{"image": "5b12fde1-fe3a-49fe-8430-479775018322___RS_LB 3071.JPG", "bboxes": [0.22339821927374304, 0.18248079608938547, 0.5660134427374302, 0.5370984636871509], "class": 2}