{"image": "5b3de8b6-0690-4a35-ab9d-ef6617c548ff___RS_LB 2925.JPG", "bboxes": [0.35106057960893866, 0.23812849162011174, 0.9151754539106145, 0.8808048184357542], "class": 2}