{"image": "5b3de8b6-0690-4a35-ab9d-ef6617c548ff___RS_LB 2925.JPG", "bboxes": [0.35106057960893866, 0.1191951815642458, 0.9151754539106145, 0.7618715083798883], "class": 2}