{"image": "5b816f46-32b8-4a67-9e73-760e3358bd06___RS_LB 3226.JPG", "bboxes": [0.1481101606145251, 0.047180516759776525, 0.7089516410614525, 0.6985858938547487], "class": 2}