{"image": "5b816f46-32b8-4a67-9e73-760e3358bd06___RS_LB 3226.JPG", "bboxes": [0.2910483589385475, 0.047180516759776525, 0.8518898393854749, 0.6985858938547487], "class": 2}