{"image": "5b816f46-32b8-4a67-9e73-760e3358bd06___RS_LB 3226.JPG", "bboxes": [0.1481101606145251, 0.3014141061452514, 0.7089516410614525, 0.9528194832402235], "class": 2}