{"image": "5bbebfcc-4e51-47ba-948c-46be12f1c170___RS_LB 2716.JPG", "bboxes": [0.35542510474860334, 0.1071927374301676, 0.6904024092178771, 0.4127094972067039], "class": 2}