{"image": "5bbebfcc-4e51-47ba-948c-46be12f1c170___RS_LB 2716.JPG", "bboxes": [0.3095975907821229, 0.5872905027932961, 0.6445748952513967, 0.8928072625698324], "class": 2}