{"image": "5c43ce7b-f04a-4d0d-9305-47f0d83125c5___RS_LB 5033.JPG", "bboxes": [0.12628753491620104, 0.2959584497206703, 0.8551632332402235, 0.6560317737430168], "class": 2}