{"image": "5c43ce7b-f04a-4d0d-9305-47f0d83125c5___RS_LB 5033.JPG", "bboxes": [0.14483676675977653, 0.34396822625698326, 0.873712465083799, 0.7040415502793297], "class": 2}