{"image": "5d1486fa-750f-47ca-a973-abc45ea5b4fe___RS_LB 4281.JPG", "bboxes": [0.12192300977653636, 0.3352391759776536, 0.7013137220670391, 0.7531424581005587], "class": 2}