{"image": "5d1486fa-750f-47ca-a973-abc45ea5b4fe___RS_LB 4281.JPG", "bboxes": [0.2986862779329609, 0.2468575418994413, 0.8780769902234636, 0.6647608240223464], "class": 2}