{"image": "5d1486fa-750f-47ca-a973-abc45ea5b4fe___RS_LB 4281.JPG", "bboxes": [0.12192300977653636, 0.2468575418994413, 0.7013137220670391, 0.6647608240223464], "class": 2}