{"image": "5d1486fa-750f-47ca-a973-abc45ea5b4fe___RS_LB 4281.JPG", "bboxes": [0.2986862779329609, 0.3352391759776536, 0.8780769902234636, 0.7531424581005587], "class": 2}