{"image": "5d85a25d-ed5a-459d-89fc-8bc9118518bc___RS_LB 4646.JPG", "bboxes": [0.09573585893854747, 0.1933921089385474, 0.8617100209497207, 0.7967877094972067], "class": 2}