{"image": "5d85a25d-ed5a-459d-89fc-8bc9118518bc___RS_LB 4646.JPG", "bboxes": [0.1382899790502793, 0.2032122905027933, 0.9042641410614525, 0.8066078910614526], "class": 2}