{"image": "5d85a25d-ed5a-459d-89fc-8bc9118518bc___RS_LB 4646.JPG", "bboxes": [0.1382899790502793, 0.1933921089385474, 0.9042641410614525, 0.7967877094972067], "class": 2}