{"image": "5d85a25d-ed5a-459d-89fc-8bc9118518bc___RS_LB 4646.JPG", "bboxes": [0.09573585893854747, 0.2032122905027933, 0.8617100209497207, 0.8066078910614526], "class": 2}