{"image": "5e0acf9e-2d13-40bb-912c-e32a844fdd78___RS_LB 5292.JPG", "bboxes": [0.12301414106145253, 0.5141847067039107, 0.8027889315642457, 0.9004451815642458], "class": 2}