{"image": "5e0acf9e-2d13-40bb-912c-e32a844fdd78___RS_LB 5292.JPG", "bboxes": [0.1972110684357543, 0.5141847067039107, 0.8769858589385475, 0.9004451815642458], "class": 2}