{"image": "5e0acf9e-2d13-40bb-912c-e32a844fdd78___RS_LB 5292.JPG", "bboxes": [0.12301414106145253, 0.0995548184357542, 0.8027889315642457, 0.48581529329608936], "class": 2}