{"image": "5e356292-3046-4967-b1e7-f3e5cf7d0f75___RS_LB 4459.JPG", "bboxes": [0.20921351256983234, 0.3876134776536313, 0.7285920041899442, 0.7258641759776536], "class": 2}