{"image": "5e8203e5-b699-4d5a-acb5-08a5f06ee984___RS_LB 5291.JPG", "bboxes": [0.20812238128491622, 0.4378055167597765, 0.7362299231843575, 0.8033344972067039], "class": 2}