{"image": "5e8203e5-b699-4d5a-acb5-08a5f06ee984___RS_LB 5291.JPG", "bboxes": [0.26377007681564246, 0.1966655027932961, 0.7918776187150838, 0.5621944832402235], "class": 2}