{"image": "5e92b00d-92ed-4de5-b3f7-0d14a076cf02___RS_LB 4004.JPG", "bboxes": [0.13174319134078216, 0.18248079608938547, 0.771146124301676, 0.7596892458100559], "class": 2}