{"image": "5e92b00d-92ed-4de5-b3f7-0d14a076cf02___RS_LB 4004.JPG", "bboxes": [0.22885387569832405, 0.24031075418994408, 0.8682568086592178, 0.8175192039106145], "class": 2}