{"image": "5ebe5b4f-c3e3-435d-b2d5-49fa1002dbaa___RS_LB 2955.JPG", "bboxes": [0.4208929818435754, 0.09082576815642458, 0.9271778980446926, 0.4694483240223464], "class": 2}