{"image": "5ebe5b4f-c3e3-435d-b2d5-49fa1002dbaa___RS_LB 2955.JPG", "bboxes": [0.07282210195530736, 0.09082576815642458, 0.5791070181564246, 0.4694483240223464], "class": 2}