{"image": "5f0801e0-b127-4596-9f82-eb36f8ee5c85___RS_LB 3852.JPG", "bboxes": [0.2910483589385475, 0.26540677374301674, 0.5671045740223464, 0.3876134776536313], "class": 2}