{"image": "5f6e341d-3a02-4bc5-ae02-c0a343a835ea___RS_LB 4882.JPG", "bboxes": [0.09137133379888274, 0.2272171787709497, 0.34014926675977664, 0.4247119413407821], "class": 2}