{"image": "5f6e341d-3a02-4bc5-ae02-c0a343a835ea___RS_LB 4882.JPG", "bboxes": [0.09137133379888274, 0.575288058659218, 0.34014926675977664, 0.7727828212290503], "class": 2}