{"image": "5fa21fbf-774d-48ec-916d-c1d7b8c11c82___RS_LB 4795.JPG", "bboxes": [0.18629975558659218, 0.4421700418994413, 0.48745199022346364, 0.8382506983240223], "class": 2}