{"image": "5fa21fbf-774d-48ec-916d-c1d7b8c11c82___RS_LB 4795.JPG", "bboxes": [0.5125480097765364, 0.16174930167597765, 0.8137002444134078, 0.5578299581005587], "class": 2}