{"image": "5fa21fbf-774d-48ec-916d-c1d7b8c11c82___RS_LB 4795.JPG", "bboxes": [0.5125480097765364, 0.4421700418994413, 0.8137002444134078, 0.8382506983240223], "class": 2}