{"image": "5fe37f29-fe15-42ac-93b5-90aa5337bd55___RS_LB 2514.JPG", "bboxes": [0.3499694483240223, 0.6745810055865922, 0.5354617667597765, 0.7946054469273743], "class": 2}