{"image": "5fe37f29-fe15-42ac-93b5-90aa5337bd55___RS_LB 2514.JPG", "bboxes": [0.4645382332402235, 0.2053945530726257, 0.6500305516759777, 0.3254189944134078], "class": 2}