{"image": "6a62fd77-1091-43ad-86a7-f42c56615e5f___RS_LB 4871.JPG", "bboxes": [0.4601737081005587, 0.1017370810055866, 0.8584366270949721, 0.7640537709497207], "class": 2}