{"image": "6a62fd77-1091-43ad-86a7-f42c56615e5f___RS_LB 4871.JPG", "bboxes": [0.4601737081005587, 0.2359462290502793, 0.8584366270949721, 0.8982629189944134], "class": 2}