{"image": "6a6315ef-b37d-4067-80cd-bb2d8adf93ca___RS_LB 2919.JPG", "bboxes": [0.14592789804469286, 0.31232541899441335, 0.6969491969273743, 0.7324109636871509], "class": 2}