{"image": "6a6315ef-b37d-4067-80cd-bb2d8adf93ca___RS_LB 2919.JPG", "bboxes": [0.30305080307262566, 0.26758903631284914, 0.8540721019553071, 0.6876745810055866], "class": 2}