{"image": "6a6315ef-b37d-4067-80cd-bb2d8adf93ca___RS_LB 2919.JPG", "bboxes": [0.30305080307262566, 0.31232541899441335, 0.8540721019553071, 0.7324109636871509], "class": 2}