{"image": "6a687e1b-15c3-4752-b428-e14cbe85feab___RS_LB 2803.JPG", "bboxes": [0.4503535265363129, 0.7716916899441342, 0.8366140013966481, 0.9233589385474861], "class": 2}