{"image": "6a687e1b-15c3-4752-b428-e14cbe85feab___RS_LB 2803.JPG", "bboxes": [0.4503535265363129, 0.07664106145251393, 0.8366140013966481, 0.22830831005586583], "class": 2}