{"image": "6af65e0d-c1a5-4a28-9ecb-19e7e6d91a70___RS_LB 4128.JPG", "bboxes": [0.20484898743016755, 0.2981407122905028, 0.9304512918994413, 0.7029504189944135], "class": 2}