{"image": "6af65e0d-c1a5-4a28-9ecb-19e7e6d91a70___RS_LB 4128.JPG", "bboxes": [0.20484898743016755, 0.29704958100558654, 0.9304512918994413, 0.7018592877094971], "class": 2}