{"image": "6be49d30-1b69-435a-a533-21b2b1a7fd41___RS_LB 3309.JPG", "bboxes": [0.5856538058659218, 0.21848812849162003, 0.9053552723463688, 0.44980796089385466], "class": 2}