{"image": "6be49d30-1b69-435a-a533-21b2b1a7fd41___RS_LB 3309.JPG", "bboxes": [0.5856538058659218, 0.5501920391061453, 0.9053552723463688, 0.78151187150838], "class": 2}