{"image": "6be49d30-1b69-435a-a533-21b2b1a7fd41___RS_LB 3309.JPG", "bboxes": [0.09464472765363119, 0.21848812849162003, 0.41434619413407825, 0.44980796089385466], "class": 2}