{"image": "6cab0a2b-a2d9-4798-8043-f6ef416ed745___RS_LB 4993.JPG", "bboxes": [0.5005455656424581, 0.15738477653631286, 0.9249956354748604, 0.4017981843575419], "class": 2}