{"image": "6cab0a2b-a2d9-4798-8043-f6ef416ed745___RS_LB 4993.JPG", "bboxes": [0.07500436452513959, 0.15738477653631286, 0.4994544343575419, 0.4017981843575419], "class": 2}