{"image": "6cab0a2b-a2d9-4798-8043-f6ef416ed745___RS_LB 4993.JPG", "bboxes": [0.5005455656424581, 0.5982018156424581, 0.9249956354748604, 0.8426152234636871], "class": 2}