{"image": "6cab0a2b-a2d9-4798-8043-f6ef416ed745___RS_LB 4993.JPG", "bboxes": [0.07500436452513959, 0.5982018156424581, 0.4994544343575419, 0.8426152234636871], "class": 2}