{"image": "6ce76067-e78f-42e3-a1d6-c04f92414038___RS_LB 5267.JPG", "bboxes": [0.2113957751396648, 0.5338250698324023, 0.7580525488826816, 0.7673271648044693], "class": 2}