{"image": "6ce76067-e78f-42e3-a1d6-c04f92414038___RS_LB 5267.JPG", "bboxes": [0.2419474511173184, 0.23267283519553073, 0.7886042248603352, 0.46617493016759776], "class": 2}