{"image": "6d31cafb-4cf9-455b-ac89-487444b650f7___RS_LB 4236.JPG", "bboxes": [0.2703168645251396, 0.3843400837988826, 0.6827644902234636, 0.7967877094972067], "class": 2}