{"image": "6d31cafb-4cf9-455b-ac89-487444b650f7___RS_LB 4236.JPG", "bboxes": [0.31723550977653636, 0.3843400837988826, 0.7296831354748604, 0.7967877094972067], "class": 2}