{"image": "6d51bd53-2556-410c-b151-547c83a06287___RS_LB 3276.JPG", "bboxes": [0.22012482541899436, 0.41489175977653625, 0.6969491969273743, 0.7040415502793296], "class": 2}