{"image": "6d51bd53-2556-410c-b151-547c83a06287___RS_LB 3276.JPG", "bboxes": [0.30305080307262566, 0.41489175977653625, 0.7798751745810056, 0.7040415502793296], "class": 2}