{"image": "6d51bd53-2556-410c-b151-547c83a06287___RS_LB 3276.JPG", "bboxes": [0.22012482541899436, 0.29595844972067037, 0.6969491969273743, 0.5851082402234637], "class": 2}