{"image": "6e5ae22d-5e91-4fed-b731-94f80ff63613___RS_LB 5113.JPG", "bboxes": [0.16120373603351956, 0.044998254189944076, 0.8158825069832403, 0.9004451815642458], "class": 2}