{"image": "6e5ae22d-5e91-4fed-b731-94f80ff63613___RS_LB 5113.JPG", "bboxes": [0.18411749301675973, 0.0995548184357542, 0.8387962639664804, 0.9550017458100559], "class": 2}