{"image": "6e9fc91a-e20f-4431-bc54-8492d7ec788e___RS_LB 4527.JPG", "bboxes": [0.26813460195530736, 0.2075768156424581, 0.6991314594972067, 0.5643767458100559], "class": 2}