{"image": "6e9fc91a-e20f-4431-bc54-8492d7ec788e___RS_LB 4527.JPG", "bboxes": [0.26813460195530736, 0.4356232541899441, 0.6991314594972067, 0.7924231843575419], "class": 2}