{"image": "6e9fc91a-e20f-4431-bc54-8492d7ec788e___RS_LB 4527.JPG", "bboxes": [0.3008685405027933, 0.4356232541899441, 0.7318653980446926, 0.7924231843575419], "class": 2}