{"image": "6ecc23ac-9aed-47bb-8ee5-76574de85872___RS_LB 5010.JPG", "bboxes": [0.10010038407821231, 0.23594622905027934, 0.922813372905028, 0.885169343575419], "class": 2}