{"image": "6ecc23ac-9aed-47bb-8ee5-76574de85872___RS_LB 5010.JPG", "bboxes": [0.07718662709497204, 0.11483065642458101, 0.8998996159217877, 0.7640537709497206], "class": 2}