{"image": "6f0fffdc-876f-449f-b03e-f25081f2c44f___RS_LB 4096.JPG", "bboxes": [0.17102391759776536, 0.2272171787709497, 0.8366140013966481, 0.6974947625698324], "class": 2}