{"image": "6f5a4763-2865-4bdf-8c7f-49ab7a53126a___RS_LB 5237.JPG", "bboxes": [0.28777496508379885, 0.3057786312849161, 0.7340476606145251, 0.4672660614525139], "class": 2}