{"image": "6f5a4763-2865-4bdf-8c7f-49ab7a53126a___RS_LB 5237.JPG", "bboxes": [0.28777496508379885, 0.5327339385474861, 0.7340476606145251, 0.6942213687150839], "class": 2}