{"image": "6f5a4763-2865-4bdf-8c7f-49ab7a53126a___RS_LB 5237.JPG", "bboxes": [0.2659523393854749, 0.3057786312849161, 0.7122250349162011, 0.4672660614525139], "class": 2}