{"image": "6f669c56-c863-4c71-be49-8d020d3f7d3d___RS_LB 5128.JPG", "bboxes": [0.34124039804469275, 0.16502269553072627, 0.8628011522346369, 0.657122905027933], "class": 2}