{"image": "6f669c56-c863-4c71-be49-8d020d3f7d3d___RS_LB 5128.JPG", "bboxes": [0.34124039804469275, 0.342877094972067, 0.8628011522346369, 0.8349773044692738], "class": 2}