{"image": "6f669c56-c863-4c71-be49-8d020d3f7d3d___RS_LB 5128.JPG", "bboxes": [0.13719884776536306, 0.342877094972067, 0.6587596019553073, 0.8349773044692738], "class": 2}