{"image": "6f669c56-c863-4c71-be49-8d020d3f7d3d___RS_LB 5128.JPG", "bboxes": [0.13719884776536306, 0.16502269553072627, 0.6587596019553073, 0.657122905027933], "class": 2}