{"image": "6fa565d1-4fab-4331-b30d-772babc186a4___RS_LB 3887.JPG", "bboxes": [0.20812238128491622, 0.40943610335195524, 0.8311583449720671, 0.689856843575419], "class": 2}