{"image": "6fa565d1-4fab-4331-b30d-772babc186a4___RS_LB 3887.JPG", "bboxes": [0.1688416550279329, 0.40943610335195524, 0.7918776187150838, 0.689856843575419], "class": 2}