{"image": "6fc1834e-7909-4177-9480-6cd9f23109b4___RS_LB 4023.JPG", "bboxes": [0.5474642108938548, 0.08427898044692737, 0.8071534567039106, 0.26758903631284914], "class": 2}