{"image": "6fc1834e-7909-4177-9480-6cd9f23109b4___RS_LB 4023.JPG", "bboxes": [0.1928465432960894, 0.7324109636871509, 0.4525357891061452, 0.9157210195530726], "class": 2}