{"image": "6fea732f-0819-4ba1-922a-8cbb1a94baff___RS_LB 3336.JPG", "bboxes": [0.16556826117318435, 0.1541113826815642, 0.5889271997206704, 0.7891497905027933], "class": 2}