{"image": "6fea732f-0819-4ba1-922a-8cbb1a94baff___RS_LB 3336.JPG", "bboxes": [0.4110728002793296, 0.2108502094972067, 0.8344317388268156, 0.8458886173184358], "class": 2}