{"image": "6fea732f-0819-4ba1-922a-8cbb1a94baff___RS_LB 3336.JPG", "bboxes": [0.16556826117318435, 0.2108502094972067, 0.5889271997206704, 0.8458886173184358], "class": 2}