{"image": "7a0b26a9-4abe-4e84-ad20-699b0c0cd27e___RS_LB 4376.JPG", "bboxes": [0.09791812150837986, 0.4028893156424581, 0.8202470321229051, 0.852435405027933], "class": 2}