{"image": "7a0b26a9-4abe-4e84-ad20-699b0c0cd27e___RS_LB 4376.JPG", "bboxes": [0.17975296787709494, 0.14756459497206698, 0.9020818784916201, 0.5971106843575419], "class": 2}