{"image": "7a4371b2-72c6-414e-b73e-6e4b4adab72f___RS_LB 3289.JPG", "bboxes": [0.2223070879888268, 0.1879364525139664, 0.7242274790502793, 0.6342091480446927], "class": 2}