{"image": "7a4371b2-72c6-414e-b73e-6e4b4adab72f___RS_LB 3289.JPG", "bboxes": [0.2757725209497207, 0.36579085195530725, 0.7776929120111732, 0.8120635474860336], "class": 2}