{"image": "7b38a18a-65a4-4162-b48a-658b846be5a2___RS_LB 2733.JPG", "bboxes": [0.16665939245810057, 0.6527583798882681, 0.6642152583798883, 0.94518156424581], "class": 2}