{"image": "7b38a18a-65a4-4162-b48a-658b846be5a2___RS_LB 2733.JPG", "bboxes": [0.16665939245810057, 0.05481843575418996, 0.6642152583798883, 0.3472416201117318], "class": 2}