{"image": "7b5a2c96-f276-477a-8e7e-3325b02719a7___RS_LB 4613.JPG", "bboxes": [0.45908257681564246, 0.08100558659217878, 0.8715302025139664, 0.5338250698324023], "class": 2}