{"image": "7b5a2c96-f276-477a-8e7e-3325b02719a7___RS_LB 4613.JPG", "bboxes": [0.12846979748603354, 0.08100558659217878, 0.5409174231843575, 0.5338250698324023], "class": 2}