{"image": "7bf67e1e-57c8-4f68-bc5a-56b2a69f30ec___RS_LB 2509.JPG", "bboxes": [0.29650401536312854, 0.0995548184357542, 0.8289760824022346, 0.42471194134078205], "class": 2}