{"image": "7bf67e1e-57c8-4f68-bc5a-56b2a69f30ec___RS_LB 2509.JPG", "bboxes": [0.17102391759776536, 0.0995548184357542, 0.7034959846368715, 0.42471194134078205], "class": 2}