{"image": "7ce28b45-467c-4962-a030-f621b4bc76a8___RS_LB 2644.JPG", "bboxes": [0.5300061103351955, 0.15083798882681565, 0.9424537360335196, 0.4792685055865922], "class": 2}