{"image": "7dfb162c-0384-46b3-bbf7-f0929bd00921___RS_LB 5235.JPG", "bboxes": [0.06191078910614528, 0.11592178770949721, 0.5823804120111732, 0.8993540502793297], "class": 2}