{"image": "7dfb162c-0384-46b3-bbf7-f0929bd00921___RS_LB 5235.JPG", "bboxes": [0.4176195879888268, 0.10064594972067031, 0.9380892108938548, 0.8840782122905028], "class": 2}