{"image": "7dfb162c-0384-46b3-bbf7-f0929bd00921___RS_LB 5235.JPG", "bboxes": [0.4176195879888268, 0.11592178770949721, 0.9380892108938548, 0.8993540502793297], "class": 2}