{"image": "7e0d53ac-3088-473e-a40e-50223afd4e60___RS_LB 2568.JPG", "bboxes": [0.2463119762569833, 0.3745199022346368, 0.8355228701117319, 0.9222678072625698], "class": 2}