{"image": "7e0d53ac-3088-473e-a40e-50223afd4e60___RS_LB 2568.JPG", "bboxes": [0.2463119762569833, 0.07773219273743018, 0.8355228701117319, 0.6254800977653632], "class": 2}