{"image": "7e0d53ac-3088-473e-a40e-50223afd4e60___RS_LB 2568.JPG", "bboxes": [0.16447712988826813, 0.07773219273743018, 0.7536880237430167, 0.6254800977653632], "class": 2}