{"image": "7e1cd97d-b5a3-4c92-b258-0aa90e6fb806___RS_LB 4826.JPG", "bboxes": [0.30305080307262566, 0.09082576815642451, 0.8649834148044693, 0.6996770251396648], "class": 2}