{"image": "7e1cd97d-b5a3-4c92-b258-0aa90e6fb806___RS_LB 4826.JPG", "bboxes": [0.13501658519553073, 0.09082576815642451, 0.6969491969273743, 0.6996770251396648], "class": 2}