{"image": "7e486917-7f31-4a26-b0ca-6175ebc2beee___RS_LB 4113.JPG", "bboxes": [0.4012526187150838, 0.2512220670391061, 0.8955350907821229, 0.7542335893854748], "class": 2}