{"image": "7ec28081-7b26-4519-a406-48ff4edb69ea___RS_LB 2622.JPG", "bboxes": [0.32160003491620104, 0.4356232541899441, 0.7144072974860335, 0.700768156424581], "class": 2}