{"image": "7ec28081-7b26-4519-a406-48ff4edb69ea___RS_LB 2622.JPG", "bboxes": [0.2855927025139665, 0.299231843575419, 0.678399965083799, 0.5643767458100559], "class": 2}