{"image": "7ec28081-7b26-4519-a406-48ff4edb69ea___RS_LB 2622.JPG", "bboxes": [0.2855927025139665, 0.4356232541899441, 0.678399965083799, 0.700768156424581], "class": 2}