{"image": "7ec28081-7b26-4519-a406-48ff4edb69ea___RS_LB 2622.JPG", "bboxes": [0.32160003491620104, 0.299231843575419, 0.7144072974860335, 0.5643767458100559], "class": 2}