{"image": "7f90c344-54de-4053-a406-3a67f9fb1108___RS_LB 3283.JPG", "bboxes": [0.07936888966480449, 0.04608938547486034, 0.9239045041899441, 0.7956965782122906], "class": 2}