{"image": "7f90c344-54de-4053-a406-3a67f9fb1108___RS_LB 3283.JPG", "bboxes": [0.07609549581005587, 0.20430342178770944, 0.9206311103351955, 0.9539106145251397], "class": 2}