{"image": "03b0d3c1-b5b0-48f4-98aa-f8904670290f___RS_Early.B 7051.JPG", "bboxes": [0.1771473702185793, 0.11684596994535523, 0.7684212773224044, 0.771089480874317], "class": 1}