{"image": "03b0d3c1-b5b0-48f4-98aa-f8904670290f___RS_Early.B 7051.JPG", "bboxes": [0.23157872267759566, 0.22891051912568305, 0.8228526297814207, 0.8831540300546448], "class": 1}