{"image": "04c8e6b9-7710-4cdd-b259-2d78b15d1036___RS_Early.B 7066.JPG", "bboxes": [0.2774718237704918, 0.264130806010929, 0.6371456625683061, 0.8799521857923497], "class": 1}