{"image": "04c8e6b9-7710-4cdd-b259-2d78b15d1036___RS_Early.B 7066.JPG", "bboxes": [0.36285433743169393, 0.12004781420765032, 0.7225281762295082, 0.735869193989071], "class": 1}