{"image": "04ee51b6-07e2-4182-84f8-46b22c8938a2___RS_Early.B 8091.JPG", "bboxes": [0.0448044740437159, 0.3238985655737705, 0.9359844603825136, 0.7860314207650273], "class": 1}