{"image": "04ee51b6-07e2-4182-84f8-46b22c8938a2___RS_Early.B 8091.JPG", "bboxes": [0.0448044740437159, 0.21396857923497267, 0.9359844603825136, 0.6761014344262295], "class": 1}