{"image": "04fd2a46-ddd4-4b0b-8f19-5ecca482a7d5___RS_Early.B 7273.JPG", "bboxes": [0.22517503415300544, 0.29188012295081966, 0.7385373975409837, 0.7817622950819672], "class": 1}