{"image": "04fd2a46-ddd4-4b0b-8f19-5ecca482a7d5___RS_Early.B 7273.JPG", "bboxes": [0.26146260245901637, 0.29188012295081966, 0.7748249658469946, 0.7817622950819672], "class": 1}