{"image": "04fd2a46-ddd4-4b0b-8f19-5ecca482a7d5___RS_Early.B 7273.JPG", "bboxes": [0.22517503415300544, 0.21823770491803285, 0.7385373975409837, 0.7081198770491803], "class": 1}