{"image": "05c35093-11b8-4cd0-b67a-148859754440___RS_Early.B 8939.JPG", "bboxes": [0.15793630464480873, 0.13072062841530055, 0.827121755464481, 0.850068306010929], "class": 1}