{"image": "05c35093-11b8-4cd0-b67a-148859754440___RS_Early.B 8939.JPG", "bboxes": [0.15793630464480873, 0.14993169398907102, 0.827121755464481, 0.8692793715846995], "class": 1}