{"image": "06ac6596-8d65-46dd-a343-a2209f3480e4___RS_Early.B 6921.JPG", "bboxes": [0.08749573087431695, 0.08376024590163937, 0.9370517418032787, 0.7283982240437158], "class": 1}