{"image": "06ac6596-8d65-46dd-a343-a2209f3480e4___RS_Early.B 6921.JPG", "bboxes": [0.06294825819672134, 0.2716017759562842, 0.912504269125683, 0.9162397540983607], "class": 1}