{"image": "06ac6596-8d65-46dd-a343-a2209f3480e4___RS_Early.B 6921.JPG", "bboxes": [0.08749573087431695, 0.2716017759562842, 0.9370517418032787, 0.9162397540983607], "class": 1}