{"image": "06d9fcc9-4eea-4736-8392-5e483e2e948d___RS_Early.B 7411.JPG", "bboxes": [0.14619620901639346, 0.15633538251366122, 0.9050332991803278, 0.854337431693989], "class": 1}