{"image": "06d9fcc9-4eea-4736-8392-5e483e2e948d___RS_Early.B 7411.JPG", "bboxes": [0.14619620901639346, 0.145662568306011, 0.9050332991803278, 0.8436646174863388], "class": 1}