{"image": "06d9fcc9-4eea-4736-8392-5e483e2e948d___RS_Early.B 7411.JPG", "bboxes": [0.09496670081967218, 0.15633538251366122, 0.8538037909836065, 0.854337431693989], "class": 1}