{"image": "07baabd8-e118-47dd-9d8d-132d4347836a___RS_Early.B 8555.JPG", "bboxes": [0.07468835382513661, 0.20543032786885246, 0.9157061133879782, 0.7881659836065573], "class": 1}