{"image": "07baabd8-e118-47dd-9d8d-132d4347836a___RS_Early.B 8555.JPG", "bboxes": [0.08429388661202175, 0.20543032786885246, 0.9253116461748634, 0.7881659836065573], "class": 1}