{"image": "0a0744dc-8486-4fbb-a44b-4d63e6db6197___RS_Early.B 7575.JPG", "bboxes": [0.08109204234972678, 0.06348189890710385, 0.831390881147541, 0.9183743169398907], "class": 1}