{"image": "0a47f32c-1724-4c8d-bfe4-986cedd3587b___RS_Early.B 8001.JPG", "bboxes": [0.15580174180327866, 0.23317964480874318, 0.7673539959016393, 0.8959614071038251], "class": 1}