{"image": "0a47f32c-1724-4c8d-bfe4-986cedd3587b___RS_Early.B 8001.JPG", "bboxes": [0.23264600409836073, 0.1040385928961749, 0.8441982581967213, 0.7668203551912568], "class": 1}