{"image": "0a79700b-f834-41f5-ae51-6ceda6f67a48___RS_Early.B 8951.JPG", "bboxes": [0.11737961065573771, 0.07735655737704916, 0.8858222336065573, 0.9429217896174863], "class": 1}