{"image": "0a79700b-f834-41f5-ae51-6ceda6f67a48___RS_Early.B 8951.JPG", "bboxes": [0.11417776639344268, 0.05707821038251368, 0.8826203893442623, 0.9226434426229508], "class": 1}