{"image": "0a8a68ee-f587-4dea-beec-79d02e7d3fa4___RS_Early.B 8461.JPG", "bboxes": [0.28494279371584685, 0.12111509562841533, 0.9391863046448088, 0.6985143442622951], "class": 1}