{"image": "0a8a68ee-f587-4dea-beec-79d02e7d3fa4___RS_Early.B 8461.JPG", "bboxes": [0.060813695355191266, 0.12111509562841533, 0.7150572062841531, 0.6985143442622951], "class": 1}