{"image": "0a8a68ee-f587-4dea-beec-79d02e7d3fa4___RS_Early.B 8461.JPG", "bboxes": [0.28494279371584685, 0.3014856557377049, 0.9391863046448088, 0.8788849043715847], "class": 1}