{"image": "0ad3ba53-f01b-403b-a99d-5991eed85045___RS_Early.B 7600.JPG", "bboxes": [0.07041922814207635, 0.15420081967213117, 0.907167862021858, 0.7689549180327868], "class": 1}