{"image": "0ad3ba53-f01b-403b-a99d-5991eed85045___RS_Early.B 7600.JPG", "bboxes": [0.0928321379781421, 0.23104508196721313, 0.9295807718579236, 0.8457991803278688], "class": 1}