{"image": "0ad3ba53-f01b-403b-a99d-5991eed85045___RS_Early.B 7600.JPG", "bboxes": [0.0928321379781421, 0.15420081967213117, 0.9295807718579236, 0.7689549180327868], "class": 1}