{"image": "0ad3ba53-f01b-403b-a99d-5991eed85045___RS_Early.B 7600.JPG", "bboxes": [0.07041922814207635, 0.23104508196721313, 0.907167862021858, 0.8457991803278688], "class": 1}