{"image": "0bbb8bce-2020-416b-8bd6-c160c2db9921___RS_Early.B 8386.JPG", "bboxes": [0.06508282103825141, 0.22037226775956284, 0.8751494193989071, 0.8682120901639344], "class": 1}