{"image": "0bbb8bce-2020-416b-8bd6-c160c2db9921___RS_Early.B 8386.JPG", "bboxes": [0.12485058060109289, 0.22037226775956284, 0.9349171789617485, 0.8682120901639344], "class": 1}