{"image": "0c4f6f72-c7a2-42e1-9671-41ab3bf37fe7___RS_Early.B 6752.JPG", "bboxes": [0.21343493852459022, 0.2417178961748634, 0.945589993169399, 0.8874231557377049], "class": 1}