{"image": "0c5b14d9-8b1c-4c39-bb23-1835b5760caa___RS_Early.B 7937.JPG", "bboxes": [0.05867913251366125, 0.08269296448087433, 0.9680029030054644, 0.8287226775956283], "class": 1}