{"image": "0c5b14d9-8b1c-4c39-bb23-1835b5760caa___RS_Early.B 7937.JPG", "bboxes": [0.03199709699453557, 0.08269296448087433, 0.9413208674863387, 0.8287226775956283], "class": 1}