{"image": "0c5b14d9-8b1c-4c39-bb23-1835b5760caa___RS_Early.B 7937.JPG", "bboxes": [0.03199709699453557, 0.17127732240437166, 0.9413208674863387, 0.9173070355191256], "class": 1}