{"image": "0c5b14d9-8b1c-4c39-bb23-1835b5760caa___RS_Early.B 7937.JPG", "bboxes": [0.05867913251366125, 0.17127732240437166, 0.9680029030054644, 0.9173070355191256], "class": 1}