{"image": "0d2e2971-f1c9-4278-b35c-91dd8a22a64d___RS_Early.B 7581.JPG", "bboxes": [0.0544100068306011, 0.05921277322404373, 0.9135715505464481, 0.9407872267759563], "class": 1}