{"image": "0d987d4a-26bc-4f74-8a16-12f8969dfed8___RS_Early.B 7013.JPG", "bboxes": [0.07255379098360648, 0.13498975409836067, 0.9028987363387978, 0.8970286885245902], "class": 1}