{"image": "0d987d4a-26bc-4f74-8a16-12f8969dfed8___RS_Early.B 7013.JPG", "bboxes": [0.0971012636612022, 0.13498975409836067, 0.9274462090163935, 0.8970286885245902], "class": 1}