{"image": "0ddd62cd-a999-4d58-a8f1-506e1004a595___RS_Early.B 8041.JPG", "bboxes": [0.08536116803278693, 0.07415471311475412, 0.9754738729508197, 0.8607411202185792], "class": 1}