{"image": "0ddd62cd-a999-4d58-a8f1-506e1004a595___RS_Early.B 8041.JPG", "bboxes": [0.024526127049180335, 0.13925887978142082, 0.9146388319672131, 0.9258452868852459], "class": 1}