{"image": "0ddd62cd-a999-4d58-a8f1-506e1004a595___RS_Early.B 8041.JPG", "bboxes": [0.024526127049180335, 0.07415471311475412, 0.9146388319672131, 0.8607411202185792], "class": 1}