{"image": "0e0a1b51-f61c-4934-bc57-a820af1faacb___RS_Early.B 7147.JPG", "bboxes": [0.0778901980874317, 0.02505976775956286, 0.9541282445355193, 0.7849641393442622], "class": 1}