{"image": "0e0a1b51-f61c-4934-bc57-a820af1faacb___RS_Early.B 7147.JPG", "bboxes": [0.045871755464480746, 0.21503586065573776, 0.9221098019125683, 0.9749402322404371], "class": 1}