{"image": "0e6b9e09-2bcd-41e0-b001-b80a33a8a78b___RS_Early.B 8694.JPG", "bboxes": [0.02132428278688525, 0.09550034153005467, 0.9519936816939891, 0.9119706284153005], "class": 1}