{"image": "0e6b9e09-2bcd-41e0-b001-b80a33a8a78b___RS_Early.B 8694.JPG", "bboxes": [0.048006318306010876, 0.08802937158469948, 0.9786757172131147, 0.9044996584699453], "class": 1}