{"image": "0ed45bc2-c8cc-4d65-8f53-bdc10d78a7dc___RS_Early.B 8504.JPG", "bboxes": [0.050140881147541005, 0.05494364754098369, 0.9936176571038251, 0.9375853825136612], "class": 1}