{"image": "0ed45bc2-c8cc-4d65-8f53-bdc10d78a7dc___RS_Early.B 8504.JPG", "bboxes": [0.050140881147541005, 0.062414617486338815, 0.9936176571038251, 0.9450563524590163], "class": 1}