{"image": "0f9c098f-a6df-4a73-8c14-8e7d4dbb1b0b___RS_Early.B 7991.JPG", "bboxes": [0.09069757513661203, 0.09443306010928965, 0.9477245560109291, 0.9632001366120219], "class": 1}