{"image": "0faca7fe-7254-4dfa-8388-bbc776338c9c___RS_Early.B 7929.JPG", "bboxes": [0.12164873633879769, 0.10190403005464484, 0.945589993169399, 0.8799521857923497], "class": 1}