{"image": "0faca7fe-7254-4dfa-8388-bbc776338c9c___RS_Early.B 7929.JPG", "bboxes": [0.0544100068306011, 0.12004781420765032, 0.8783512636612023, 0.8980959699453551], "class": 1}