{"image": "0faca7fe-7254-4dfa-8388-bbc776338c9c___RS_Early.B 7929.JPG", "bboxes": [0.0544100068306011, 0.10190403005464484, 0.8783512636612023, 0.8799521857923497], "class": 1}