{"image": "0fd22207-cb37-42a1-965f-7dfe43f9d579___RS_Early.B 6876.JPG", "bboxes": [0.038400785519125735, 0.09229849726775959, 0.9391863046448088, 0.775358606557377], "class": 1}