{"image": "0fd22207-cb37-42a1-965f-7dfe43f9d579___RS_Early.B 6876.JPG", "bboxes": [0.060813695355191266, 0.22464139344262302, 0.9615992144808743, 0.9077015027322404], "class": 1}