{"image": "1a2970b6-bafd-4812-93bc-57ff969e1045___RS_Early.B 7330.JPG", "bboxes": [0.059746413934426146, 0.20436304644808745, 0.6958461407103824, 0.9258452868852459], "class": 1}