{"image": "1a2970b6-bafd-4812-93bc-57ff969e1045___RS_Early.B 7330.JPG", "bboxes": [0.059746413934426146, 0.07415471311475412, 0.6958461407103824, 0.7956369535519126], "class": 1}