{"image": "1a38f06b-da2a-4c57-bef1-a73254896403___RS_Early.B 9178.JPG", "bboxes": [0.14299436475409838, 0.06348189890710387, 0.9135715505464481, 0.9130379098360656], "class": 1}