{"image": "1a38f06b-da2a-4c57-bef1-a73254896403___RS_Early.B 9178.JPG", "bboxes": [0.14299436475409838, 0.08696209016393446, 0.9135715505464481, 0.9365181010928961], "class": 1}