{"image": "1a38f06b-da2a-4c57-bef1-a73254896403___RS_Early.B 9178.JPG", "bboxes": [0.08642844945355188, 0.08696209016393446, 0.8570056352459017, 0.9365181010928961], "class": 1}