{"image": "1a77c047-7ed8-4f02-bfaf-a19e7a67c3dd___RS_Early.B 7076.JPG", "bboxes": [0.07148650956284153, 0.07628927595628421, 0.8804858265027322, 0.7977715163934427], "class": 1}