{"image": "1a77c047-7ed8-4f02-bfaf-a19e7a67c3dd___RS_Early.B 7076.JPG", "bboxes": [0.07148650956284153, 0.20222848360655737, 0.8804858265027322, 0.9237107240437158], "class": 1}