{"image": "1a77c047-7ed8-4f02-bfaf-a19e7a67c3dd___RS_Early.B 7076.JPG", "bboxes": [0.11951417349726778, 0.20222848360655737, 0.9285134904371585, 0.9237107240437158], "class": 1}