{"image": "1a77c047-7ed8-4f02-bfaf-a19e7a67c3dd___RS_Early.B 7076.JPG", "bboxes": [0.11951417349726778, 0.07628927595628421, 0.9285134904371585, 0.7977715163934427], "class": 1}