{"image": "1af20ff8-980d-4912-b337-804b09667de3___RS_Early.B 7392.JPG", "bboxes": [0.028795252732240484, 0.12538422131147542, 0.8815531079234973, 0.890625], "class": 1}