{"image": "1af20ff8-980d-4912-b337-804b09667de3___RS_Early.B 7392.JPG", "bboxes": [0.11844689207650272, 0.10937500000000003, 0.9712047472677595, 0.8746157786885246], "class": 1}