{"image": "1af20ff8-980d-4912-b337-804b09667de3___RS_Early.B 7392.JPG", "bboxes": [0.11844689207650272, 0.12538422131147542, 0.9712047472677595, 0.890625], "class": 1}