{"image": "1b0a2898-00b9-4a12-b4dc-a89b77b9e8b7___RS_Early.B 6928.JPG", "bboxes": [0.14299436475409832, 0.11898053278688525, 0.8015070013661203, 0.812713456284153], "class": 1}