{"image": "1b0a2898-00b9-4a12-b4dc-a89b77b9e8b7___RS_Early.B 6928.JPG", "bboxes": [0.19849299863387976, 0.187286543715847, 0.8570056352459017, 0.8810194672131147], "class": 1}