{"image": "1b4304a9-88c2-4c09-bfea-830fa162a35a___RS_Early.B 7188.JPG", "bboxes": [0.12164873633879769, 0.1232496584699454, 0.7919014685792349, 0.6846396857923498], "class": 1}