{"image": "1b4304a9-88c2-4c09-bfea-830fa162a35a___RS_Early.B 7188.JPG", "bboxes": [0.208098531420765, 0.31536031420765026, 0.8783512636612023, 0.8767503415300546], "class": 1}