{"image": "1c4e0445-375a-4c5d-b6fd-6123d22f009f___RS_Early.B 7972.JPG", "bboxes": [0.2273095969945355, 0.1371243169398907, 0.9221098019125684, 0.7262636612021858], "class": 1}