{"image": "1c4e0445-375a-4c5d-b6fd-6123d22f009f___RS_Early.B 7972.JPG", "bboxes": [0.07789019808743158, 0.2737363387978142, 0.7726904030054644, 0.8628756830601093], "class": 1}