{"image": "1ca9e3ba-e029-48bf-b207-e8cb3546f953___RS_Early.B 7978.JPG", "bboxes": [0.1547344603825137, 0.11684596994535523, 0.7919014685792349, 0.7134562841530054], "class": 1}