{"image": "1ca9e3ba-e029-48bf-b207-e8cb3546f953___RS_Early.B 7978.JPG", "bboxes": [0.20809853142076506, 0.28654371584699456, 0.8452655396174863, 0.8831540300546448], "class": 1}