{"image": "1cb05d87-027d-4bf0-b5c4-4c1a57896ac6___RS_Early.B 7936.JPG", "bboxes": [0.12164873633879769, 0.226775956284153, 0.8239199112021858, 0.6921106557377049], "class": 1}