{"image": "1cb05d87-027d-4bf0-b5c4-4c1a57896ac6___RS_Early.B 7936.JPG", "bboxes": [0.17608008879781417, 0.3078893442622951, 0.8783512636612023, 0.773224043715847], "class": 1}