{"image": "1d038d64-7f3c-4b4d-9b3d-7736f97b59a0___RS_Early.B 7994.JPG", "bboxes": [0.18141649590163939, 0.13925887978142082, 0.8527365095628416, 0.7935023907103825], "class": 1}