{"image": "1d038d64-7f3c-4b4d-9b3d-7736f97b59a0___RS_Early.B 7994.JPG", "bboxes": [0.14726349043715836, 0.2064976092896175, 0.8185835040983607, 0.8607411202185792], "class": 1}