{"image": "1d038d64-7f3c-4b4d-9b3d-7736f97b59a0___RS_Early.B 7994.JPG", "bboxes": [0.18141649590163939, 0.2064976092896175, 0.8527365095628416, 0.8607411202185792], "class": 1}