{"image": "1d18a770-8a16-4765-bae9-5d96f781db89___RS_Early.B 7803.JPG", "bboxes": [0.33403773907103823, 0.15313353825136614, 0.9018314549180328, 0.9418545081967213], "class": 1}