{"image": "1d18a770-8a16-4765-bae9-5d96f781db89___RS_Early.B 7803.JPG", "bboxes": [0.09816854508196715, 0.15313353825136614, 0.6659622609289617, 0.9418545081967213], "class": 1}