{"image": "1d2ec63e-acfb-4a80-ba21-853a724fff4a___RS_Early.B 8083.JPG", "bboxes": [0.06615010245901631, 0.010117827868852479, 0.8548710724043715, 0.9098360655737705], "class": 1}