{"image": "1d2ec63e-acfb-4a80-ba21-853a724fff4a___RS_Early.B 8083.JPG", "bboxes": [0.14512892759562845, 0.0901639344262295, 0.9338498975409837, 0.9898821721311475], "class": 1}