{"image": "1d301622-e359-49d5-b4ca-6837f254fd1b___RS_Early.B 6719.JPG", "bboxes": [0.13125426912568305, 0.2225068306010929, 0.8772839822404371, 0.8724812158469946], "class": 1}