{"image": "1d301622-e359-49d5-b4ca-6837f254fd1b___RS_Early.B 6719.JPG", "bboxes": [0.12271601775956287, 0.2225068306010929, 0.868745730874317, 0.8724812158469946], "class": 1}