{"image": "1d301622-e359-49d5-b4ca-6837f254fd1b___RS_Early.B 6719.JPG", "bboxes": [0.12271601775956287, 0.12751878415300544, 0.868745730874317, 0.7774931693989071], "class": 1}