{"image": "1d466431-007d-4b3b-bd45-b09f1a6f7bad___RS_Early.B 8932.JPG", "bboxes": [0.07362107240437155, 0.07308743169398912, 0.9744065915300546, 0.9525273224043715], "class": 1}