{"image": "1daae61a-7014-4efe-b855-018999a5be9b___RS_Early.B 6852.JPG", "bboxes": [0.07895747950819676, 0.05067452185792354, 0.9626664959016393, 0.69958162568306], "class": 1}