{"image": "1daae61a-7014-4efe-b855-018999a5be9b___RS_Early.B 6852.JPG", "bboxes": [0.03733350409836067, 0.05067452185792354, 0.9210425204918032, 0.69958162568306], "class": 1}