{"image": "1de8ed75-0778-4364-9178-52c1bd0dffb4___RS_Early.B 6729.JPG", "bboxes": [0.12378329918032782, 0.18195013661202186, 0.8143143784153006, 0.8735484972677595], "class": 1}