{"image": "1de8ed75-0778-4364-9178-52c1bd0dffb4___RS_Early.B 6729.JPG", "bboxes": [0.12378329918032782, 0.12645150273224046, 0.8143143784153006, 0.8180498633879781], "class": 1}