{"image": "1defd277-6394-4049-895d-470f1e27e189___RS_Early.B 8931.JPG", "bboxes": [0.024526127049180335, 0.05601092896174865, 0.8047088456284153, 0.9258452868852459], "class": 1}