{"image": "1defd277-6394-4049-895d-470f1e27e189___RS_Early.B 8931.JPG", "bboxes": [0.024526127049180335, 0.07415471311475408, 0.8047088456284153, 0.9439890710382514], "class": 1}