{"image": "1defd277-6394-4049-895d-470f1e27e189___RS_Early.B 8931.JPG", "bboxes": [0.19529115437158467, 0.05601092896174865, 0.9754738729508197, 0.9258452868852459], "class": 1}