{"image": "1e99ce6b-b7fa-4ae1-9076-279f430b8c5f___RS_Early.B 7092.JPG", "bboxes": [0.06508282103825141, 0.19795935792349728, 0.8185835040983607, 0.8767503415300546], "class": 1}