{"image": "1e99ce6b-b7fa-4ae1-9076-279f430b8c5f___RS_Early.B 7092.JPG", "bboxes": [0.18141649590163933, 0.1232496584699454, 0.9349171789617485, 0.8020406420765027], "class": 1}