{"image": "1ee04a42-fa1c-4f6b-a88b-4cf583b188ea___RS_Early.B 8494.JPG", "bboxes": [0.08536116803278682, 0.08589480874316946, 0.7951033128415301, 0.814848019125683], "class": 1}