{"image": "1ee04a42-fa1c-4f6b-a88b-4cf583b188ea___RS_Early.B 8494.JPG", "bboxes": [0.08536116803278682, 0.18515198087431695, 0.7951033128415301, 0.9141051912568305], "class": 1}