{"image": "1ee04a42-fa1c-4f6b-a88b-4cf583b188ea___RS_Early.B 8494.JPG", "bboxes": [0.20489668715846993, 0.18515198087431695, 0.9146388319672132, 0.9141051912568305], "class": 1}