{"image": "1f56ef5b-9a3b-4731-bf82-b08aeb84fcb5___RS_Early.B 9032.JPG", "bboxes": [0.05867913251366108, 0.010117827868852514, 0.9306480532786885, 0.8212517076502732], "class": 1}