{"image": "1f56ef5b-9a3b-4731-bf82-b08aeb84fcb5___RS_Early.B 9032.JPG", "bboxes": [0.06935194672131151, 0.17874829234972678, 0.9413208674863389, 0.9898821721311475], "class": 1}