{"image": "1f80f111-6a3e-4dfc-8456-0f3e9a19ae10___RS_Early.B 6879.JPG", "bboxes": [0.17714737021857924, 0.12111509562841533, 0.8591401980874318, 0.8820867486338798], "class": 1}