{"image": "1f80f111-6a3e-4dfc-8456-0f3e9a19ae10___RS_Early.B 6879.JPG", "bboxes": [0.1408598019125682, 0.11791325136612019, 0.8228526297814207, 0.8788849043715847], "class": 1}