{"image": "1ff86a73-9f36-45c5-8012-c5d90445b7ac___RS_Early.B 8563.JPG", "bboxes": [0.12911970628415304, 0.059212773224043724, 0.9573300887978142, 0.7988387978142076], "class": 1}