{"image": "1ff86a73-9f36-45c5-8012-c5d90445b7ac___RS_Early.B 8563.JPG", "bboxes": [0.12911970628415304, 0.20116120218579236, 0.9573300887978142, 0.9407872267759563], "class": 1}