{"image": "1ff86a73-9f36-45c5-8012-c5d90445b7ac___RS_Early.B 8563.JPG", "bboxes": [0.04266991120218577, 0.20116120218579236, 0.870880293715847, 0.9407872267759563], "class": 1}