{"image": "2a4fd894-0c4f-471b-b80b-d362a7b513f4___RS_Early.B 8038.JPG", "bboxes": [0.0981685450819672, 0.11471140710382521, 0.8964950478142077, 0.7614839480874317], "class": 1}