{"image": "2a4fd894-0c4f-471b-b80b-d362a7b513f4___RS_Early.B 8038.JPG", "bboxes": [0.10350495218579225, 0.2385160519125683, 0.9018314549180328, 0.8852885928961748], "class": 1}