{"image": "2a9d3616-0bf1-4d98-b649-0a46d36dab7c___RS_Early.B 6703.JPG", "bboxes": [0.21343493852459017, 0.22357411202185792, 0.9221098019125683, 0.9354508196721312], "class": 1}