{"image": "2a9d3616-0bf1-4d98-b649-0a46d36dab7c___RS_Early.B 6703.JPG", "bboxes": [0.0778901980874317, 0.06454918032786883, 0.7865650614754098, 0.776425887978142], "class": 1}