{"image": "2b3e46d9-09dd-4966-99c6-fe44c741b94c___RS_Early.B 8290.JPG", "bboxes": [0.061880976775956276, 0.08589480874316942, 0.9103697062841529, 0.775358606557377], "class": 1}