{"image": "2b3e46d9-09dd-4966-99c6-fe44c741b94c___RS_Early.B 8290.JPG", "bboxes": [0.061880976775956276, 0.22464139344262302, 0.9103697062841529, 0.9141051912568305], "class": 1}