{"image": "2b6f9564-80a2-4db7-a5e6-72be5ef33a71___RS_Early.B 8009.JPG", "bboxes": [0.006382342896174897, 0.06668374316939893, 0.8836876707650274, 0.6793032786885246], "class": 1}