{"image": "2b6f9564-80a2-4db7-a5e6-72be5ef33a71___RS_Early.B 8009.JPG", "bboxes": [0.11631232923497259, 0.06668374316939893, 0.9936176571038251, 0.6793032786885246], "class": 1}