{"image": "2b6f9564-80a2-4db7-a5e6-72be5ef33a71___RS_Early.B 8009.JPG", "bboxes": [0.11631232923497259, 0.3206967213114754, 0.9936176571038251, 0.933316256830601], "class": 1}