{"image": "2b8cfa81-e20f-4c28-b403-2cec2e5c0f2a___RS_Early.B 8145.JPG", "bboxes": [0.23157872267759566, 0.1702100409836066, 0.9562628073770492, 0.8820867486338797], "class": 1}