{"image": "2b8cfa81-e20f-4c28-b403-2cec2e5c0f2a___RS_Early.B 8145.JPG", "bboxes": [0.04373719262295084, 0.11791325136612024, 0.7684212773224044, 0.8297899590163934], "class": 1}