{"image": "2b8cfa81-e20f-4c28-b403-2cec2e5c0f2a___RS_Early.B 8145.JPG", "bboxes": [0.04373719262295084, 0.1702100409836066, 0.7684212773224044, 0.8820867486338797], "class": 1}