{"image": "2b8cfa81-e20f-4c28-b403-2cec2e5c0f2a___RS_Early.B 8145.JPG", "bboxes": [0.23157872267759566, 0.11791325136612024, 0.9562628073770492, 0.8297899590163934], "class": 1}