{"image": "2b982641-10ea-4426-874f-509e6377ff59___RS_Early.B 7663.JPG", "bboxes": [0.208098531420765, 0.2545252732240437, 0.8964950478142077, 0.89275956284153], "class": 1}