{"image": "2b982641-10ea-4426-874f-509e6377ff59___RS_Early.B 7663.JPG", "bboxes": [0.10350495218579225, 0.10724043715846998, 0.7919014685792349, 0.7454747267759563], "class": 1}