{"image": "2bc972a0-789f-4e60-9882-2f16fc363dfc___RS_Early.B 7234.JPG", "bboxes": [0.11951417349726778, 0.19262295081967212, 0.9306480532786885, 0.7956369535519126], "class": 1}