{"image": "2bc972a0-789f-4e60-9882-2f16fc363dfc___RS_Early.B 7234.JPG", "bboxes": [0.06935194672131151, 0.20436304644808745, 0.8804858265027322, 0.8073770491803278], "class": 1}