{"image": "2c0e712a-fb21-44b6-bbe1-7c67cec7b965___RS_Early.B 7084.JPG", "bboxes": [0.06935194672131151, 0.15740266393442626, 0.9157061133879782, 0.9151724726775956], "class": 1}