{"image": "2c48971d-9f73-401d-a62a-f3729d08b6c2___RS_Early.B 7463.JPG", "bboxes": [0.14939805327868855, 0.13605703551912574, 0.9242443647540983, 0.7999060792349727], "class": 1}