{"image": "2c5500a4-cfa4-4b46-8db4-443b995d39dd___RS_Early.B 8768.JPG", "bboxes": [0.12805242486338797, 0.305754781420765, 0.8047088456284153, 0.809511612021858], "class": 1}