{"image": "2c5500a4-cfa4-4b46-8db4-443b995d39dd___RS_Early.B 8768.JPG", "bboxes": [0.12805242486338797, 0.19048838797814205, 0.8047088456284153, 0.6942452185792349], "class": 1}