{"image": "2cc3eb24-b210-4827-befe-0e3a24161ac4___RS_Early.B 6829.JPG", "bboxes": [0.168609118852459, 0.29935109289617484, 0.7417392418032787, 0.8746157786885246], "class": 1}