{"image": "2ce7e8d7-4cc9-4ab3-9d22-8f7ad21d8eda___RS_Early.B 8609.JPG", "bboxes": [0.11951417349726778, 0.14139344262295084, 0.8932932035519126, 0.8159153005464481], "class": 1}