{"image": "2ce7e8d7-4cc9-4ab3-9d22-8f7ad21d8eda___RS_Early.B 8609.JPG", "bboxes": [0.11951417349726778, 0.18408469945355188, 0.8932932035519126, 0.8586065573770492], "class": 1}