{"image": "2cf993b6-98e7-4678-aea5-9177ea3b63bd___RS_Early.B 7692.JPG", "bboxes": [0.10884135928961752, 0.24812158469945356, 0.9253116461748634, 0.8319245218579234], "class": 1}