{"image": "2cf993b6-98e7-4678-aea5-9177ea3b63bd___RS_Early.B 7692.JPG", "bboxes": [0.07468835382513661, 0.16807547814207652, 0.8911586407103824, 0.7518784153005464], "class": 1}