{"image": "2d149f7a-4b0a-40a6-8d0b-1d1f14e5e696___RS_Early.B 9143.JPG", "bboxes": [0.08856301229508201, 0.16700819672131148, 0.912504269125683, 0.8746157786885246], "class": 1}