{"image": "2d149f7a-4b0a-40a6-8d0b-1d1f14e5e696___RS_Early.B 9143.JPG", "bboxes": [0.08749573087431695, 0.12538422131147542, 0.911436987704918, 0.8329918032786885], "class": 1}