{"image": "2d344be7-2d5f-4d27-aeb2-b92c8191b877___RS_Early.B 7173.JPG", "bboxes": [0.048006318306010876, 0.13605703551912574, 0.711855362021858, 0.7422728825136612], "class": 1}