{"image": "2d344be7-2d5f-4d27-aeb2-b92c8191b877___RS_Early.B 7173.JPG", "bboxes": [0.2881446379781421, 0.13605703551912574, 0.9519936816939891, 0.7422728825136612], "class": 1}