{"image": "2d344be7-2d5f-4d27-aeb2-b92c8191b877___RS_Early.B 7173.JPG", "bboxes": [0.048006318306010876, 0.2577271174863388, 0.711855362021858, 0.8639429644808743], "class": 1}