{"image": "2dc9baab-663f-4f09-a0a4-7c07edfb4c42___RS_Early.B 6866.JPG", "bboxes": [0.17181096311475413, 0.21717042349726776, 0.6659622609289617, 0.8596738387978142], "class": 1}