{"image": "2dc9baab-663f-4f09-a0a4-7c07edfb4c42___RS_Early.B 6866.JPG", "bboxes": [0.3340377390710383, 0.21717042349726776, 0.8281890368852458, 0.8596738387978142], "class": 1}