{"image": "2e88d4ed-b11b-4123-9e4b-f3c02a65ad39___RS_Early.B 9180.JPG", "bboxes": [0.11631232923497259, 0.1317879098360656, 0.78869962431694, 0.7870987021857924], "class": 1}