{"image": "2e88d4ed-b11b-4123-9e4b-f3c02a65ad39___RS_Early.B 9180.JPG", "bboxes": [0.2113003756830601, 0.21290129781420766, 0.8836876707650274, 0.8682120901639344], "class": 1}