{"image": "2ec0f91e-b8a4-4aeb-9e08-8bd32b492487___RS_Early.B 7502.JPG", "bboxes": [0.2796063866120219, 0.2150358606557377, 0.912504269125683, 0.6366120218579235], "class": 1}