{"image": "3a8429cf-f8a7-4f64-a435-ec4f1ad692c7___RS_Early.B 8990.JPG", "bboxes": [0.24972250683060104, 0.06775102459016395, 0.9861466871584699, 0.5522967896174863], "class": 1}