{"image": "3a8429cf-f8a7-4f64-a435-ec4f1ad692c7___RS_Early.B 8990.JPG", "bboxes": [0.013853312841530074, 0.4477032103825137, 0.750277493169399, 0.9322489754098361], "class": 1}