{"image": "3a97c74a-3d6e-4cd9-86e0-10a8e716e7b5___RS_Early.B 8422.JPG", "bboxes": [0.06935194672131151, 0.27266905737704916, 0.7193263319672132, 0.6835724043715847], "class": 1}