{"image": "3a97c74a-3d6e-4cd9-86e0-10a8e716e7b5___RS_Early.B 8422.JPG", "bboxes": [0.28067366803278687, 0.27266905737704916, 0.9306480532786885, 0.6835724043715847], "class": 1}