{"image": "3a97c74a-3d6e-4cd9-86e0-10a8e716e7b5___RS_Early.B 8422.JPG", "bboxes": [0.28067366803278687, 0.3164275956284153, 0.9306480532786885, 0.7273309426229508], "class": 1}