{"image": "3ab17a89-2e50-49c2-bb75-518369da98c1___RS_Early.B 8636.JPG", "bboxes": [0.16113814890710376, 0.042136270491803296, 0.8100452527322404, 0.5330857240437158], "class": 1}