{"image": "3ab17a89-2e50-49c2-bb75-518369da98c1___RS_Early.B 8636.JPG", "bboxes": [0.16113814890710376, 0.4669142759562842, 0.8100452527322404, 0.9578637295081966], "class": 1}