{"image": "3ab17a89-2e50-49c2-bb75-518369da98c1___RS_Early.B 8636.JPG", "bboxes": [0.18995474726775957, 0.042136270491803296, 0.8388618510928962, 0.5330857240437158], "class": 1}