{"image": "3ab92984-3126-4154-9bfd-f2c8c9fd670e___RS_Early.B 7440.JPG", "bboxes": [0.2230404713114753, 0.12004781420765029, 0.8996968920765027, 0.8852885928961748], "class": 1}