{"image": "3ab92984-3126-4154-9bfd-f2c8c9fd670e___RS_Early.B 7440.JPG", "bboxes": [0.10030310792349728, 0.11471140710382521, 0.7769595286885247, 0.8799521857923497], "class": 1}