{"image": "3ab92984-3126-4154-9bfd-f2c8c9fd670e___RS_Early.B 7440.JPG", "bboxes": [0.10030310792349728, 0.12004781420765029, 0.7769595286885247, 0.8852885928961748], "class": 1}