{"image": "3aea17a1-9413-4312-bcf2-e9aadb7371ab___RS_Early.B 8237.JPG", "bboxes": [0.18995474726775957, 0.12431693989071041, 0.9093024248633881, 0.8554047131147541], "class": 1}