{"image": "3aea17a1-9413-4312-bcf2-e9aadb7371ab___RS_Early.B 8237.JPG", "bboxes": [0.18995474726775957, 0.14459528688524592, 0.9093024248633881, 0.8756830601092895], "class": 1}