{"image": "3bf3bb26-3cbd-46f2-a9ba-c86700edafcb___RS_Early.B 7599.JPG", "bboxes": [0.19956028005464482, 0.25025614754098363, 0.8377945696721312, 0.8564719945355191], "class": 1}