{"image": "3bf3bb26-3cbd-46f2-a9ba-c86700edafcb___RS_Early.B 7599.JPG", "bboxes": [0.16220543032786883, 0.14352800546448086, 0.8004397199453552, 0.7497438524590163], "class": 1}