{"image": "3d3c01e1-8cde-4c0f-9468-67dd287a2dc0___RS_Early.B 7761.JPG", "bboxes": [0.35858521174863384, 0.10297131147540983, 0.9231770833333335, 0.7390710382513661], "class": 1}