{"image": "3d3c01e1-8cde-4c0f-9468-67dd287a2dc0___RS_Early.B 7761.JPG", "bboxes": [0.07682291666666652, 0.2609289617486339, 0.6414147882513661, 0.8970286885245902], "class": 1}