{"image": "3db185d7-7c05-42f9-b508-7a3883e50660___RS_Early.B 7011.JPG", "bboxes": [0.1654072745901638, 0.09656762295081966, 0.8025742827868851, 0.7465420081967213], "class": 1}