{"image": "3de47a70-4a74-462f-8b56-2088507be4ef___RS_Early.B 8832.JPG", "bboxes": [0.2038294057377048, 0.04000170765027322, 0.8047088456284153, 0.890625], "class": 1}