{"image": "3ebc2af4-fe74-4918-b46f-09ec268884ef___RS_Early.B 7856.JPG", "bboxes": [0.11951417349726778, 0.08909665300546454, 0.8196507855191257, 0.8628756830601093], "class": 1}