{"image": "3ebc2af4-fe74-4918-b46f-09ec268884ef___RS_Early.B 7856.JPG", "bboxes": [0.18034921448087432, 0.13712431693989072, 0.8804858265027322, 0.9109033469945355], "class": 1}