{"image": "3ec5894d-dcc2-4276-ba28-0048b6d5605a___RS_Early.B 8027.JPG", "bboxes": [0.11737961065573771, 0.10617315573770492, 0.9007641734972678, 0.9599982923497268], "class": 1}