{"image": "3ec5894d-dcc2-4276-ba28-0048b6d5605a___RS_Early.B 8027.JPG", "bboxes": [0.09923582650273222, 0.04000170765027324, 0.8826203893442623, 0.8938268442622951], "class": 1}