{"image": "3fb9fd25-3f61-4983-8342-2abb34d1b010___RS_Early.B 7920.JPG", "bboxes": [0.12271601775956276, 0.02505976775956286, 0.909302424863388, 0.7145235655737705], "class": 1}