{"image": "3fb9fd25-3f61-4983-8342-2abb34d1b010___RS_Early.B 7920.JPG", "bboxes": [0.09069757513661203, 0.2854764344262295, 0.8772839822404372, 0.9749402322404371], "class": 1}