{"image": "4a06db68-bed1-4ae6-80ba-e9df70fa6f7b___RS_Early.B 8657.JPG", "bboxes": [0.3212303620218579, 0.29081284153005466, 0.8441982581967213, 0.7903005464480874], "class": 1}