{"image": "4a06db68-bed1-4ae6-80ba-e9df70fa6f7b___RS_Early.B 8657.JPG", "bboxes": [0.15580174180327866, 0.20969945355191255, 0.678769637978142, 0.7091871584699454], "class": 1}