{"image": "4a35b485-4f57-471a-a2cc-d5d7ebd41c40___RS_Early.B 7651.JPG", "bboxes": [0.21023309426229514, 0.23104508196721318, 0.8762167008196722, 0.7625512295081968], "class": 1}