{"image": "4a35b485-4f57-471a-a2cc-d5d7ebd41c40___RS_Early.B 7651.JPG", "bboxes": [0.12378329918032782, 0.23104508196721318, 0.7897669057377048, 0.7625512295081968], "class": 1}