{"image": "4a4847c4-c393-4772-8035-e39b472e179b___RS_Early.B 7167.JPG", "bboxes": [0.24225153688524587, 0.3089566256830601, 0.7972378756830603, 0.8799521857923497], "class": 1}