{"image": "4a4847c4-c393-4772-8035-e39b472e179b___RS_Early.B 7167.JPG", "bboxes": [0.24225153688524587, 0.12004781420765032, 0.7972378756830603, 0.69104337431694], "class": 1}