{"image": "4a4847c4-c393-4772-8035-e39b472e179b___RS_Early.B 7167.JPG", "bboxes": [0.20276212431693974, 0.3089566256830601, 0.7577484631147542, 0.8799521857923497], "class": 1}