{"image": "4a7c680d-9c18-4065-a6e0-70cd2d0a3207___RS_Early.B 8107.JPG", "bboxes": [0.0031804986338798136, 0.10403859289617488, 0.8239199112021858, 0.7017161885245902], "class": 1}