{"image": "4a7c680d-9c18-4065-a6e0-70cd2d0a3207___RS_Early.B 8107.JPG", "bboxes": [0.17608008879781423, 0.10403859289617488, 0.9968195013661202, 0.7017161885245902], "class": 1}