{"image": "4a7c680d-9c18-4065-a6e0-70cd2d0a3207___RS_Early.B 8107.JPG", "bboxes": [0.0031804986338798136, 0.29828381147540983, 0.8239199112021858, 0.8959614071038251], "class": 1}