{"image": "4ab9d59b-57ee-4e22-a6bb-d8152710fd28___RS_Early.B 6857.JPG", "bboxes": [0.08856301229508201, 0.15206625683060115, 0.7182590505464481, 0.6696977459016393], "class": 1}