{"image": "4ab9d59b-57ee-4e22-a6bb-d8152710fd28___RS_Early.B 6857.JPG", "bboxes": [0.28174094945355194, 0.33030225409836067, 0.911436987704918, 0.8479337431693988], "class": 1}