{"image": "4af8e9e9-077d-4c7b-859d-626f74d3b1ff___RS_Early.B 7738.JPG", "bboxes": [0.13765795765027322, 0.27160177595628415, 0.9018314549180328, 0.9418545081967213], "class": 1}