{"image": "4af8e9e9-077d-4c7b-859d-626f74d3b1ff___RS_Early.B 7738.JPG", "bboxes": [0.0981685450819672, 0.27160177595628415, 0.8623420423497268, 0.9418545081967213], "class": 1}