{"image": "4af8e9e9-077d-4c7b-859d-626f74d3b1ff___RS_Early.B 7738.JPG", "bboxes": [0.13765795765027322, 0.05814549180327866, 0.9018314549180328, 0.7283982240437159], "class": 1}