{"image": "4b484f0f-82dc-45d1-a5b6-72c8a6a96323___RS_Early.B 7262.JPG", "bboxes": [0.28707735655737704, 0.25025614754098363, 0.9359844603825136, 0.8223189890710382], "class": 1}