{"image": "4b7b3611-d9b9-40c8-b0f5-d730fcd76679___RS_Early.B 6937.JPG", "bboxes": [0.2774718237704918, 0.2972165300546448, 0.6819714822404372, 0.8212517076502732], "class": 1}