{"image": "4b7b3611-d9b9-40c8-b0f5-d730fcd76679___RS_Early.B 6937.JPG", "bboxes": [0.31802851775956276, 0.17874829234972678, 0.7225281762295082, 0.7027834699453552], "class": 1}