{"image": "4b925312-1973-41cf-afdf-9090d02dd539___RS_Early.B 7913.JPG", "bboxes": [0.11524504781420752, 0.14139344262295084, 0.9242443647540983, 0.854337431693989], "class": 1}