{"image": "4b925312-1973-41cf-afdf-9090d02dd539___RS_Early.B 7913.JPG", "bboxes": [0.11524504781420752, 0.145662568306011, 0.9242443647540983, 0.8586065573770492], "class": 1}