{"image": "4bac4925-72ff-43e7-8726-5e2126c6c30d___RS_Early.B 8206.JPG", "bboxes": [0.2913464822404372, 0.08696209016393441, 0.9295807718579236, 0.771089480874317], "class": 1}