{"image": "4bac4925-72ff-43e7-8726-5e2126c6c30d___RS_Early.B 8206.JPG", "bboxes": [0.07041922814207635, 0.22891051912568305, 0.7086535177595628, 0.9130379098360656], "class": 1}