{"image": "4bac4925-72ff-43e7-8726-5e2126c6c30d___RS_Early.B 8206.JPG", "bboxes": [0.2913464822404372, 0.22891051912568305, 0.9295807718579236, 0.9130379098360656], "class": 1}