{"image": "4be99b40-e269-4c69-8c90-ac75514650af___RS_Early.B 6830.JPG", "bboxes": [0.25399163251366125, 0.2897455601092896, 0.8559383538251366, 0.8671448087431693], "class": 1}