{"image": "4be99b40-e269-4c69-8c90-ac75514650af___RS_Early.B 6830.JPG", "bboxes": [0.25399163251366125, 0.13285519125683065, 0.8559383538251366, 0.7102544398907105], "class": 1}