{"image": "4be99b40-e269-4c69-8c90-ac75514650af___RS_Early.B 6830.JPG", "bboxes": [0.1440616461748634, 0.13285519125683065, 0.7460083674863387, 0.7102544398907105], "class": 1}