{"image": "4c246dbf-ad6c-4563-ad59-d5ea84453817___RS_Early.B 7662.JPG", "bboxes": [0.20489668715846993, 0.2491888661202186, 0.8089779713114755, 0.814848019125683], "class": 1}