{"image": "4c246dbf-ad6c-4563-ad59-d5ea84453817___RS_Early.B 7662.JPG", "bboxes": [0.19102202868852447, 0.2491888661202186, 0.7951033128415301, 0.814848019125683], "class": 1}