{"image": "4c7622da-663c-48df-8005-355fff221fe1___RS_Early.B 8432.JPG", "bboxes": [0.14192708333333326, 0.17874829234972678, 0.711855362021858, 0.6600922131147541], "class": 1}