{"image": "4c7622da-663c-48df-8005-355fff221fe1___RS_Early.B 8432.JPG", "bboxes": [0.2881446379781421, 0.3399077868852459, 0.8580729166666667, 0.8212517076502732], "class": 1}