{"image": "4c8df1cf-82bb-49eb-894c-8a516fbd1d74___RS_Early.B 6753.JPG", "bboxes": [0.282808230874317, 0.2299778005464481, 0.7364028346994536, 0.8180498633879781], "class": 1}