{"image": "4c8df1cf-82bb-49eb-894c-8a516fbd1d74___RS_Early.B 6753.JPG", "bboxes": [0.26359716530054644, 0.18195013661202186, 0.717191769125683, 0.7700221994535519], "class": 1}