{"image": "4c8df1cf-82bb-49eb-894c-8a516fbd1d74___RS_Early.B 6753.JPG", "bboxes": [0.282808230874317, 0.18195013661202186, 0.7364028346994536, 0.7700221994535519], "class": 1}