{"image": "4d1d5d85-e67d-4007-bceb-9b577f49065b___RS_Early.B 8885.JPG", "bboxes": [0.0736210724043716, 0.23531420765027322, 0.8111125341530054, 0.7059853142076502], "class": 1}