{"image": "4d1d5d85-e67d-4007-bceb-9b577f49065b___RS_Early.B 8885.JPG", "bboxes": [0.18888746584699456, 0.23531420765027322, 0.9263789275956285, 0.7059853142076502], "class": 1}