{"image": "4d1d5d85-e67d-4007-bceb-9b577f49065b___RS_Early.B 8885.JPG", "bboxes": [0.18888746584699456, 0.29401468579234974, 0.9263789275956285, 0.7646857923497268], "class": 1}