{"image": "4d5d6c62-61d8-45a3-aada-3ee8bc44e1d5___RS_Early.B 6685.JPG", "bboxes": [0.11204320355191255, 0.1990266393442623, 0.7993724385245902, 0.7625512295081966], "class": 1}