{"image": "4d5d6c62-61d8-45a3-aada-3ee8bc44e1d5___RS_Early.B 6685.JPG", "bboxes": [0.2006275614754099, 0.23744877049180335, 0.8879567964480874, 0.8009733606557377], "class": 1}