{"image": "4d5d6c62-61d8-45a3-aada-3ee8bc44e1d5___RS_Early.B 6685.JPG", "bboxes": [0.2006275614754099, 0.1990266393442623, 0.8879567964480874, 0.7625512295081966], "class": 1}