{"image": "4d943ff8-e048-43c6-8861-4cdc6adab6a0___RS_Early.B 8726.JPG", "bboxes": [0.14726349043715836, 0.3271004098360656, 0.8335254439890709, 0.7550802595628415], "class": 1}