{"image": "4d943ff8-e048-43c6-8861-4cdc6adab6a0___RS_Early.B 8726.JPG", "bboxes": [0.16647455601092903, 0.3271004098360656, 0.8527365095628416, 0.7550802595628415], "class": 1}