{"image": "4d943ff8-e048-43c6-8861-4cdc6adab6a0___RS_Early.B 8726.JPG", "bboxes": [0.16647455601092903, 0.24491974043715847, 0.8527365095628416, 0.6728995901639344], "class": 1}