{"image": "4da46a9d-7709-4528-acc3-a7be6ace3714___RS_Early.B 7187.JPG", "bboxes": [0.08963029371584685, 0.3399077868852459, 0.868745730874317, 0.813780737704918], "class": 1}