{"image": "4da46a9d-7709-4528-acc3-a7be6ace3714___RS_Early.B 7187.JPG", "bboxes": [0.13125426912568305, 0.3399077868852459, 0.9103697062841531, 0.813780737704918], "class": 1}