{"image": "4da46a9d-7709-4528-acc3-a7be6ace3714___RS_Early.B 7187.JPG", "bboxes": [0.08963029371584685, 0.186219262295082, 0.868745730874317, 0.6600922131147541], "class": 1}