{"image": "4ddd0823-ecf4-4a0b-81d5-9844705e5694___RS_Early.B 8936.JPG", "bboxes": [0.19956028005464477, 0.09229849726775959, 0.9669356215846994, 0.6953125], "class": 1}