{"image": "4ddd0823-ecf4-4a0b-81d5-9844705e5694___RS_Early.B 8936.JPG", "bboxes": [0.03306437841530058, 0.3046875, 0.8004397199453552, 0.9077015027322404], "class": 1}