{"image": "4e40c113-4ab2-4a71-9ecc-5ceb67905190___RS_Early.B 7446.JPG", "bboxes": [0.10243767076502736, 0.12004781420765029, 0.711855362021858, 0.9066342213114754], "class": 1}