{"image": "4e40c113-4ab2-4a71-9ecc-5ceb67905190___RS_Early.B 7446.JPG", "bboxes": [0.28814463797814205, 0.12004781420765029, 0.8975623292349726, 0.9066342213114754], "class": 1}