{"image": "4e40c113-4ab2-4a71-9ecc-5ceb67905190___RS_Early.B 7446.JPG", "bboxes": [0.10243767076502736, 0.09336577868852458, 0.711855362021858, 0.8799521857923497], "class": 1}