{"image": "4e478f6a-b8cf-425f-85e8-d80d6aaab8e1___RS_Early.B 9026.JPG", "bboxes": [0.13338883196721313, 0.14352800546448088, 0.8399291325136613, 0.9141051912568305], "class": 1}