{"image": "4e478f6a-b8cf-425f-85e8-d80d6aaab8e1___RS_Early.B 9026.JPG", "bboxes": [0.1600708674863387, 0.08589480874316946, 0.8666111680327868, 0.8564719945355191], "class": 1}