{"image": "4e7faad5-4f3c-432a-8a71-bbe198aece77___RS_Early.B 7354.JPG", "bboxes": [0.1269851434426228, 0.2342469262295082, 0.8441982581967213, 0.6152663934426229], "class": 1}