{"image": "4e7faad5-4f3c-432a-8a71-bbe198aece77___RS_Early.B 7354.JPG", "bboxes": [0.15580174180327871, 0.3847336065573771, 0.8730148565573772, 0.7657530737704918], "class": 1}