{"image": "4eacc117-bab5-40ff-bde0-dbc6b2a35822___RS_Early.B 7999.JPG", "bboxes": [0.21450221994535523, 0.12218237704918034, 0.7364028346994536, 0.9002305327868853], "class": 1}