{"image": "4eacc117-bab5-40ff-bde0-dbc6b2a35822___RS_Early.B 7999.JPG", "bboxes": [0.2635971653005465, 0.09976946721311478, 0.7854977800546448, 0.8778176229508197], "class": 1}