{"image": "4f12ef84-6c6e-43d6-b6f1-3a8b0278b3a6___RS_Early.B 8101.JPG", "bboxes": [0.017055157103825158, 0.22677595628415304, 0.9285134904371586, 0.9599982923497268], "class": 1}