{"image": "4f12ef84-6c6e-43d6-b6f1-3a8b0278b3a6___RS_Early.B 8101.JPG", "bboxes": [0.07148650956284142, 0.04000170765027324, 0.9829448428961749, 0.773224043715847], "class": 1}