{"image": "4f20f0e5-b870-414c-99a0-136575a61ce5___RS_Early.B 6724.JPG", "bboxes": [0.050140881147541005, 0.09656762295081966, 0.9381190232240437, 0.9354508196721312], "class": 1}