{"image": "4f20f0e5-b870-414c-99a0-136575a61ce5___RS_Early.B 6724.JPG", "bboxes": [0.050140881147541005, 0.06454918032786887, 0.9381190232240437, 0.9034323770491803], "class": 1}