{"image": "4f5ed8b8-7266-451d-a726-c1dbba2e5381___RS_Early.B 7384.JPG", "bboxes": [0.0778901980874317, 0.14139344262295084, 0.6937115778688525, 0.9130379098360656], "class": 1}