{"image": "4f5ed8b8-7266-451d-a726-c1dbba2e5381___RS_Early.B 7384.JPG", "bboxes": [0.3062884221311475, 0.14139344262295084, 0.9221098019125683, 0.9130379098360656], "class": 1}