{"image": "4f5ed8b8-7266-451d-a726-c1dbba2e5381___RS_Early.B 7384.JPG", "bboxes": [0.0778901980874317, 0.08696209016393441, 0.6937115778688525, 0.8586065573770492], "class": 1}