{"image": "5a7ca2a3-5bfc-47b7-9657-85a6c95a0956___RS_Early.B 7061.JPG", "bboxes": [0.19102202868852464, 0.1285860655737705, 0.869813012295082, 0.7903005464480874], "class": 1}