{"image": "5ada96db-43de-4510-8c10-eaaebb106c0c___RS_Early.B 7216.JPG", "bboxes": [0.16754183743169399, 0.057078210382513705, 0.7310664275956285, 0.7422728825136612], "class": 1}