{"image": "5ada96db-43de-4510-8c10-eaaebb106c0c___RS_Early.B 7216.JPG", "bboxes": [0.26893357240437155, 0.057078210382513705, 0.8324581625683061, 0.7422728825136612], "class": 1}