{"image": "5ada96db-43de-4510-8c10-eaaebb106c0c___RS_Early.B 7216.JPG", "bboxes": [0.26893357240437155, 0.2577271174863388, 0.8324581625683061, 0.9429217896174863], "class": 1}