{"image": "5aee3e9f-0469-42e7-8ae7-56f7a1900fd5___RS_Early.B 9091.JPG", "bboxes": [0.08642844945355188, 0.10617315573770494, 0.6179345969945356, 0.8425973360655737], "class": 1}