{"image": "5aee3e9f-0469-42e7-8ae7-56f7a1900fd5___RS_Early.B 9091.JPG", "bboxes": [0.3820654030054645, 0.15740266393442626, 0.9135715505464481, 0.8938268442622951], "class": 1}