{"image": "5b361ac7-6fb7-497a-b11d-3b8cd7ffd2e1___RS_Early.B 9206.JPG", "bboxes": [0.07362107240437155, 0.16914275956284153, 0.8911586407103824, 0.9066342213114754], "class": 1}