{"image": "5b361ac7-6fb7-497a-b11d-3b8cd7ffd2e1___RS_Early.B 9206.JPG", "bboxes": [0.10884135928961752, 0.09336577868852458, 0.9263789275956285, 0.8308572404371585], "class": 1}