{"image": "5bdc7f1d-26cc-45b2-b77f-e98084418fd9___RS_Early.B 7486.JPG", "bboxes": [0.11097592213114749, 0.3729935109289617, 0.6499530396174864, 0.8767503415300546], "class": 1}