{"image": "5bdc7f1d-26cc-45b2-b77f-e98084418fd9___RS_Early.B 7486.JPG", "bboxes": [0.11097592213114749, 0.12324965846994537, 0.6499530396174864, 0.6270064890710383], "class": 1}