{"image": "5bdc7f1d-26cc-45b2-b77f-e98084418fd9___RS_Early.B 7486.JPG", "bboxes": [0.35004696038251365, 0.3729935109289617, 0.8890240778688525, 0.8767503415300546], "class": 1}