{"image": "5c3363d5-5873-40f5-b179-37ab6df0328c___RS_Early.B 8828.JPG", "bboxes": [0.10030310792349728, 0.11044228142076505, 0.79296875, 0.7283982240437158], "class": 1}