{"image": "5c43b799-a722-4209-b571-2a7ca23de273___RS_Early.B 7321.JPG", "bboxes": [0.13232155054644812, 0.3153603142076503, 0.8858222336065573, 0.8639429644808743], "class": 1}