{"image": "5c43b799-a722-4209-b571-2a7ca23de273___RS_Early.B 7321.JPG", "bboxes": [0.13232155054644812, 0.13605703551912568, 0.8858222336065573, 0.6846396857923497], "class": 1}