{"image": "5c43b799-a722-4209-b571-2a7ca23de273___RS_Early.B 7321.JPG", "bboxes": [0.11417776639344268, 0.3153603142076503, 0.8676784494535519, 0.8639429644808743], "class": 1}