{"image": "5cb0b99b-2e14-43b3-aa51-51a7ce668793___RS_Early.B 7455.JPG", "bboxes": [0.09496670081967218, 0.2566598360655738, 0.8153816598360657, 0.8799521857923497], "class": 1}