{"image": "5cb0b99b-2e14-43b3-aa51-51a7ce668793___RS_Early.B 7455.JPG", "bboxes": [0.1846183401639343, 0.12004781420765032, 0.9050332991803278, 0.7433401639344261], "class": 1}