{"image": "5cf3cf9d-0f81-4c75-b1d4-2defb49033c4___RS_Early.B 6806.JPG", "bboxes": [0.16967640027322406, 0.3644552595628415, 0.8666111680327868, 0.6515539617486339], "class": 1}