{"image": "5dbb2c15-fc42-4611-b590-9d92d4ce2a85___RS_Early.B 7312.JPG", "bboxes": [0.19422387295081966, 0.2139685792349727, 0.640347506830601, 0.811646174863388], "class": 1}