{"image": "5dbb2c15-fc42-4611-b590-9d92d4ce2a85___RS_Early.B 7312.JPG", "bboxes": [0.3596524931693989, 0.18835382513661203, 0.8057761270491803, 0.7860314207650273], "class": 1}