{"image": "5dbb2c15-fc42-4611-b590-9d92d4ce2a85___RS_Early.B 7312.JPG", "bboxes": [0.3596524931693989, 0.2139685792349727, 0.8057761270491803, 0.811646174863388], "class": 1}