{"image": "5dd2be45-9c02-4b82-a7be-ecbac29981a9___RS_Early.B 7947.JPG", "bboxes": [0.18034921448087432, 0.3879354508196722, 0.9402535860655739, 0.8874231557377049], "class": 1}