{"image": "5dd2be45-9c02-4b82-a7be-ecbac29981a9___RS_Early.B 7947.JPG", "bboxes": [0.059746413934426146, 0.1125768442622951, 0.8196507855191257, 0.6120645491803278], "class": 1}