{"image": "5dfcdf05-e64e-4992-84b8-a9fc9c49ce3c___RS_Early.B 6711.JPG", "bboxes": [0.04373719262295084, 0.2417178961748634, 0.8463328210382514, 0.7518784153005464], "class": 1}