{"image": "5dfcdf05-e64e-4992-84b8-a9fc9c49ce3c___RS_Early.B 6711.JPG", "bboxes": [0.15366717896174864, 0.2417178961748634, 0.9562628073770492, 0.7518784153005464], "class": 1}