{"image": "5f209b64-4a3c-4fd4-9151-83db4125e7fc___RS_Early.B 7284.JPG", "bboxes": [0.1728782445355192, 0.28761099726775957, 0.8292563183060109, 0.8554047131147541], "class": 1}