{"image": "5f209b64-4a3c-4fd4-9151-83db4125e7fc___RS_Early.B 7284.JPG", "bboxes": [0.17074368169398912, 0.14459528688524592, 0.8271217554644807, 0.7123890027322404], "class": 1}