{"image": "5f209b64-4a3c-4fd4-9151-83db4125e7fc___RS_Early.B 7284.JPG", "bboxes": [0.17074368169398912, 0.28761099726775957, 0.8271217554644807, 0.8554047131147541], "class": 1}