{"image": "5fa695b2-89f6-4c5e-b62f-2be61e2ad23a___RS_Early.B 7232.JPG", "bboxes": [0.1728782445355192, 0.2502561475409836, 0.8591401980874318, 0.9044996584699453], "class": 1}