{"image": "5fa695b2-89f6-4c5e-b62f-2be61e2ad23a___RS_Early.B 7232.JPG", "bboxes": [0.1408598019125682, 0.09550034153005467, 0.8271217554644807, 0.7497438524590164], "class": 1}