{"image": "5fbff81d-eeaf-430f-ba94-df6a92c7b8e2___RS_Early.B 6816.JPG", "bboxes": [0.21236765710382516, 0.23958333333333337, 0.78869962431694, 0.7881659836065573], "class": 1}