{"image": "5fbff81d-eeaf-430f-ba94-df6a92c7b8e2___RS_Early.B 6816.JPG", "bboxes": [0.21130037568306004, 0.23958333333333337, 0.7876323428961749, 0.7881659836065573], "class": 1}