{"image": "5fbff81d-eeaf-430f-ba94-df6a92c7b8e2___RS_Early.B 6816.JPG", "bboxes": [0.21236765710382516, 0.21183401639344263, 0.78869962431694, 0.7604166666666666], "class": 1}