{"image": "5fd6c76a-1e89-4991-9991-2b61670d5175___RS_Early.B 8208.JPG", "bboxes": [0.16647455601092886, 0.13392247267759563, 0.8964950478142076, 0.8244535519125683], "class": 1}