{"image": "5fd6c76a-1e89-4991-9991-2b61670d5175___RS_Early.B 8208.JPG", "bboxes": [0.10350495218579236, 0.1755464480874317, 0.8335254439890711, 0.8660775273224044], "class": 1}