{"image": "5fd6c76a-1e89-4991-9991-2b61670d5175___RS_Early.B 8208.JPG", "bboxes": [0.10350495218579236, 0.13392247267759563, 0.8335254439890711, 0.8244535519125683], "class": 1}