{"image": "6a183fd9-9409-47ea-a634-dafa4ae329a8___RS_Early.B 8890.JPG", "bboxes": [0.28707735655737704, 0.18728654371584696, 0.7364028346994536, 0.6099299863387978], "class": 1}