{"image": "6a183fd9-9409-47ea-a634-dafa4ae329a8___RS_Early.B 8890.JPG", "bboxes": [0.26359716530054644, 0.3900700136612022, 0.712922643442623, 0.812713456284153], "class": 1}