{"image": "6a183fd9-9409-47ea-a634-dafa4ae329a8___RS_Early.B 8890.JPG", "bboxes": [0.28707735655737704, 0.3900700136612022, 0.7364028346994536, 0.812713456284153], "class": 1}