{"image": "6a903f3e-0c90-4b97-aad7-bdb1d07cb11e___RS_Early.B 6765.JPG", "bboxes": [0.2742699795081967, 0.09550034153005471, 0.8207180669398908, 0.69958162568306], "class": 1}