{"image": "6a90d533-28ad-4e1b-935b-8d2dfa804c87___RS_Early.B 8213.JPG", "bboxes": [0.008516905737704916, 0.1616717896174864, 0.8388618510928962, 0.813780737704918], "class": 1}