{"image": "6a90d533-28ad-4e1b-935b-8d2dfa804c87___RS_Early.B 8213.JPG", "bboxes": [0.008516905737704916, 0.18621926229508198, 0.8388618510928962, 0.8383282103825136], "class": 1}