{"image": "6a90d533-28ad-4e1b-935b-8d2dfa804c87___RS_Early.B 8213.JPG", "bboxes": [0.16113814890710376, 0.18621926229508198, 0.9914830942622951, 0.8383282103825136], "class": 1}