{"image": "6a903f3e-0c90-4b97-aad7-bdb1d07cb11e___RS_Early.B 6765.JPG", "bboxes": [0.1792819330601092, 0.3004183743169399, 0.7257300204918034, 0.9044996584699453], "class": 1}