{"image": "6b8024be-e45f-459f-9817-8d6fb0dda89a___RS_Early.B 6904.JPG", "bboxes": [0.18461834016393447, 0.14459528688524592, 0.7332009904371586, 0.8340590846994536], "class": 1}