{"image": "6b8024be-e45f-459f-9817-8d6fb0dda89a___RS_Early.B 6904.JPG", "bboxes": [0.2667990095628414, 0.16594091530054644, 0.8153816598360655, 0.8554047131147541], "class": 1}