{"image": "6bb48ab5-6f0d-4bd8-a3c0-bf2b6d5ed936___RS_Early.B 7281.JPG", "bboxes": [0.19742571721311464, 0.12218237704918034, 0.9018314549180328, 0.6622267759562841], "class": 1}