{"image": "6bb48ab5-6f0d-4bd8-a3c0-bf2b6d5ed936___RS_Early.B 7281.JPG", "bboxes": [0.0981685450819672, 0.33777322404371585, 0.8025742827868854, 0.8778176229508197], "class": 1}