{"image": "6bca5c10-8985-404c-96c3-3f77c2a77d10___RS_Early.B 7527.JPG", "bboxes": [0.10137038934426235, 0.15526810109289624, 0.7364028346994536, 0.8223189890710383], "class": 1}