{"image": "6bca5c10-8985-404c-96c3-3f77c2a77d10___RS_Early.B 7527.JPG", "bboxes": [0.2635971653005465, 0.15526810109289624, 0.8986296106557377, 0.8223189890710383], "class": 1}