{"image": "6c5385cd-d362-4810-b4e8-58ab768c706c___RS_Early.B 8323.JPG", "bboxes": [0.11311048497267762, 0.15953722677595628, 0.9381190232240437, 0.930114412568306], "class": 1}