{"image": "6c5385cd-d362-4810-b4e8-58ab768c706c___RS_Early.B 8323.JPG", "bboxes": [0.11311048497267762, 0.06988558743169404, 0.9381190232240437, 0.8404627732240437], "class": 1}