{"image": "6c5385cd-d362-4810-b4e8-58ab768c706c___RS_Early.B 8323.JPG", "bboxes": [0.061880976775956276, 0.15953722677595628, 0.8868895150273224, 0.930114412568306], "class": 1}