{"image": "6cd05602-f131-47a3-a7ef-f328a13e4f1e___RS_Early.B 7079.JPG", "bboxes": [0.19102202868852464, 0.14139344262295084, 0.7854977800546448, 0.8735484972677595], "class": 1}