{"image": "6cd05602-f131-47a3-a7ef-f328a13e4f1e___RS_Early.B 7079.JPG", "bboxes": [0.21450221994535523, 0.12645150273224046, 0.8089779713114753, 0.8586065573770492], "class": 1}