{"image": "6cd05602-f131-47a3-a7ef-f328a13e4f1e___RS_Early.B 7079.JPG", "bboxes": [0.19102202868852464, 0.12645150273224046, 0.7854977800546448, 0.8586065573770492], "class": 1}