{"image": "6cd8e267-d5ae-4baa-a872-4c0fc5a37d67___RS_Early.B 8184.JPG", "bboxes": [0.22410775273224037, 0.08376024590163933, 0.8954277663934427, 0.8842213114754098], "class": 1}