{"image": "6cec2d2b-7b6a-4044-9899-92d4f9332cd6___RS_Early.B 9131.JPG", "bboxes": [0.08749573087431695, 0.10617315573770492, 0.9776084357923498, 0.8692793715846995], "class": 1}