{"image": "6cec2d2b-7b6a-4044-9899-92d4f9332cd6___RS_Early.B 9131.JPG", "bboxes": [0.022391564207650205, 0.13072062841530055, 0.912504269125683, 0.8938268442622951], "class": 1}