{"image": "6d1cebfa-ad84-484e-9f30-f8fffb289072___RS_Early.B 7703.JPG", "bboxes": [0.16113814890710376, 0.2545252732240437, 0.8185835040983607, 0.6579576502732241], "class": 1}