{"image": "6d1cebfa-ad84-484e-9f30-f8fffb289072___RS_Early.B 7703.JPG", "bboxes": [0.16113814890710376, 0.34204234972677594, 0.8185835040983607, 0.7454747267759563], "class": 1}