{"image": "6dfdd5be-0999-4a5c-a35d-c760043fec23___RS_Early.B 8701.JPG", "bboxes": [0.4471695696721311, 0.11791325136612024, 0.8570056352459017, 0.8468664617486339], "class": 1}