{"image": "6dfdd5be-0999-4a5c-a35d-c760043fec23___RS_Early.B 8701.JPG", "bboxes": [0.14299436475409832, 0.11791325136612024, 0.5528304303278688, 0.8468664617486339], "class": 1}