{"image": "6eebb348-cafa-4863-937c-3b249f71df0a___RS_Early.B 9230.JPG", "bboxes": [0.09496670081967218, 0.1915556693989071, 0.9338498975409837, 0.9173070355191256], "class": 1}