{"image": "6eebb348-cafa-4863-937c-3b249f71df0a___RS_Early.B 9230.JPG", "bboxes": [0.06615010245901631, 0.08269296448087438, 0.9050332991803278, 0.8084443306010929], "class": 1}