{"image": "6f75cbf6-25c5-4b56-911d-c8a6ffa242d4___RS_Early.B 7914.JPG", "bboxes": [0.12805242486338786, 0.14993169398907105, 0.9061005806010929, 0.971738387978142], "class": 1}