{"image": "6f75cbf6-25c5-4b56-911d-c8a6ffa242d4___RS_Early.B 7914.JPG", "bboxes": [0.12805242486338786, 0.02826161202185795, 0.9061005806010929, 0.850068306010929], "class": 1}