{"image": "6f8dfa1b-8c6f-4be6-93ff-e9180dde7357___RS_Early.B 6914.JPG", "bboxes": [0.03733350409836067, 0.1648736338797815, 0.8922259221311475, 0.9450563524590164], "class": 1}