{"image": "6fc04d72-747b-4a96-912a-db0bd967ece0___RS_Early.B 8002.JPG", "bboxes": [0.08429388661202175, 0.0464053961748634, 0.8804858265027322, 0.8415300546448087], "class": 1}