{"image": "6fc04d72-747b-4a96-912a-db0bd967ece0___RS_Early.B 8002.JPG", "bboxes": [0.08429388661202175, 0.15846994535519132, 0.8804858265027322, 0.9535946038251366], "class": 1}