{"image": "6fcaba16-dfce-431a-b268-e0826a101553___RS_Early.B 6695.JPG", "bboxes": [0.19102202868852464, 0.2854764344262295, 0.8495346653005464, 0.7967042349726776], "class": 1}