{"image": "6fcaba16-dfce-431a-b268-e0826a101553___RS_Early.B 6695.JPG", "bboxes": [0.19102202868852464, 0.2032957650273224, 0.8495346653005464, 0.7145235655737705], "class": 1}