{"image": "6fcaba16-dfce-431a-b268-e0826a101553___RS_Early.B 6695.JPG", "bboxes": [0.15046533469945356, 0.2854764344262295, 0.8089779713114753, 0.7967042349726776], "class": 1}