{"image": "6fdee580-fa84-4ea7-b54a-048919765284___RS_Early.B 8187.JPG", "bboxes": [0.14726349043715836, 0.06348189890710387, 0.8399291325136611, 0.7102544398907105], "class": 1}