{"image": "6fdee580-fa84-4ea7-b54a-048919765284___RS_Early.B 8187.JPG", "bboxes": [0.16007086748633886, 0.06348189890710387, 0.8527365095628416, 0.7102544398907105], "class": 1}