{"image": "6fdee580-fa84-4ea7-b54a-048919765284___RS_Early.B 8187.JPG", "bboxes": [0.14726349043715836, 0.2897455601092896, 0.8399291325136611, 0.9365181010928961], "class": 1}