{"image": "7a04081f-dd48-4a84-b7c1-611a50ae7886___RS_Early.B 8019.JPG", "bboxes": [0.2721354166666665, 0.12965334699453557, 0.8452655396174863, 0.7177254098360656], "class": 1}