{"image": "7a04081f-dd48-4a84-b7c1-611a50ae7886___RS_Early.B 8019.JPG", "bboxes": [0.1547344603825137, 0.2822745901639344, 0.7278645833333335, 0.8703466530054644], "class": 1}