{"image": "7a3630ed-a43c-4957-a604-1de05e8e7f32___RS_Early.B 6795.JPG", "bboxes": [0.2262423155737705, 0.2054303278688525, 0.8954277663934427, 0.8233862704918032], "class": 1}