{"image": "7a3630ed-a43c-4957-a604-1de05e8e7f32___RS_Early.B 6795.JPG", "bboxes": [0.2262423155737705, 0.17661372950819673, 0.8954277663934427, 0.7945696721311475], "class": 1}