{"image": "7a3630ed-a43c-4957-a604-1de05e8e7f32___RS_Early.B 6795.JPG", "bboxes": [0.10457223360655737, 0.17661372950819673, 0.7737576844262295, 0.7945696721311475], "class": 1}