{"image": "7a3630ed-a43c-4957-a604-1de05e8e7f32___RS_Early.B 6795.JPG", "bboxes": [0.10457223360655737, 0.2054303278688525, 0.7737576844262295, 0.8233862704918032], "class": 1}