{"image": "7a84da2c-6c10-483f-9994-69aeedc21a57___RS_Early.B 7534.JPG", "bboxes": [0.1387252390710383, 0.06561646174863389, 0.8420636953551912, 0.33350409836065575], "class": 1}