{"image": "7a84da2c-6c10-483f-9994-69aeedc21a57___RS_Early.B 7534.JPG", "bboxes": [0.1387252390710383, 0.6664959016393442, 0.8420636953551912, 0.9343835382513661], "class": 1}