{"image": "7a8f295d-dc08-4a25-ba7a-28995729b6b6___RS_Early.B 8243.JPG", "bboxes": [0.059746413934426146, 0.16167178961748635, 0.8858222336065573, 0.6953125], "class": 1}