{"image": "7a8f295d-dc08-4a25-ba7a-28995729b6b6___RS_Early.B 8243.JPG", "bboxes": [0.11417776639344263, 0.3046875, 0.9402535860655739, 0.8383282103825136], "class": 1}