{"image": "7ace85c1-a488-4df2-8162-b73c17032099___RS_Early.B 7541.JPG", "bboxes": [0.25612619535519127, 0.4306267076502732, 0.9018314549180328, 0.8639429644808743], "class": 1}