{"image": "7ace85c1-a488-4df2-8162-b73c17032099___RS_Early.B 7541.JPG", "bboxes": [0.09816854508196715, 0.13605703551912574, 0.7438738046448088, 0.5693732923497268], "class": 1}