{"image": "7b95c3ad-d550-4cc8-96e0-549ec04c7dea___RS_Early.B 7342.JPG", "bboxes": [0.4119492827868853, 0.36979166666666663, 0.8111125341530054, 0.6590249316939891], "class": 1}