{"image": "7b95c3ad-d550-4cc8-96e0-549ec04c7dea___RS_Early.B 7342.JPG", "bboxes": [0.18888746584699456, 0.34097506830601093, 0.5880507172131146, 0.6302083333333334], "class": 1}