{"image": "7ba072ea-9bb3-4b5e-8fff-82758ff3f722___RS_Early.B 8262.JPG", "bboxes": [0.30628842213114754, 0.11044228142076506, 0.9359844603825136, 0.9194415983606558], "class": 1}