{"image": "7ba072ea-9bb3-4b5e-8fff-82758ff3f722___RS_Early.B 8262.JPG", "bboxes": [0.0640155396174864, 0.11044228142076506, 0.6937115778688525, 0.9194415983606558], "class": 1}