{"image": "7ba072ea-9bb3-4b5e-8fff-82758ff3f722___RS_Early.B 8262.JPG", "bboxes": [0.0640155396174864, 0.08055840163934429, 0.6937115778688525, 0.8895577185792349], "class": 1}