{"image": "7c0e4eed-d8e2-410f-a7bf-9f5a1c4a566d___RS_Early.B 8042.JPG", "bboxes": [0.28174094945355194, 0.1317879098360656, 0.9221098019125684, 0.8233862704918032], "class": 1}