{"image": "7c0e4eed-d8e2-410f-a7bf-9f5a1c4a566d___RS_Early.B 8042.JPG", "bboxes": [0.07789019808743158, 0.1317879098360656, 0.7182590505464481, 0.8233862704918032], "class": 1}