{"image": "7c9b2deb-6f9f-4671-bdcd-56481d8f0a35___RS_Early.B 8608.JPG", "bboxes": [0.3126921106557377, 0.23531420765027322, 0.7833632172131149, 0.7145235655737705], "class": 1}