{"image": "7c9b2deb-6f9f-4671-bdcd-56481d8f0a35___RS_Early.B 8608.JPG", "bboxes": [0.21663678278688514, 0.2854764344262295, 0.6873078893442623, 0.7646857923497268], "class": 1}