{"image": "7c9b2deb-6f9f-4671-bdcd-56481d8f0a35___RS_Early.B 8608.JPG", "bboxes": [0.21663678278688514, 0.23531420765027322, 0.6873078893442623, 0.7145235655737705], "class": 1}