{"image": "7cc0cb45-7fae-4d55-8dce-aa5e4484b7d9___RS_Early.B 7088.JPG", "bboxes": [0.205963968579235, 0.1755464480874317, 0.7641521516393444, 0.9087687841530054], "class": 1}