{"image": "7cc0cb45-7fae-4d55-8dce-aa5e4484b7d9___RS_Early.B 7088.JPG", "bboxes": [0.23584784836065564, 0.09123121584699456, 0.7940360314207651, 0.8244535519125683], "class": 1}