{"image": "7cc0cb45-7fae-4d55-8dce-aa5e4484b7d9___RS_Early.B 7088.JPG", "bboxes": [0.205963968579235, 0.09123121584699456, 0.7641521516393444, 0.8244535519125683], "class": 1}