{"image": "7d056cd3-76d1-49f5-8491-a25e4fc4f852___RS_Early.B 8414.JPG", "bboxes": [0.23264600409836073, 0.2075648907103825, 0.7524120560109291, 0.7988387978142076], "class": 1}