{"image": "7d056cd3-76d1-49f5-8491-a25e4fc4f852___RS_Early.B 8414.JPG", "bboxes": [0.2475879439890709, 0.20116120218579236, 0.7673539959016393, 0.7924351092896175], "class": 1}