{"image": "7d92aa59-82fc-4c93-9d0e-728c0a944055___RS_Early.B 6965.JPG", "bboxes": [0.13125426912568305, 0.2780054644808743, 0.7203936133879782, 0.8244535519125683], "class": 1}