{"image": "7d92aa59-82fc-4c93-9d0e-728c0a944055___RS_Early.B 6965.JPG", "bboxes": [0.13125426912568305, 0.1755464480874317, 0.7203936133879782, 0.7219945355191257], "class": 1}