{"image": "7dc2fac8-c581-4b69-9f54-dbe7d838956c___RS_Early.B 6677.JPG", "bboxes": [0.1878201844262295, 0.23211236338797814, 0.8783512636612021, 0.7241290983606558], "class": 1}