{"image": "7dc2fac8-c581-4b69-9f54-dbe7d838956c___RS_Early.B 6677.JPG", "bboxes": [0.12164873633879786, 0.27587090163934425, 0.8121798155737705, 0.7678876366120219], "class": 1}